rainfall_1h,rainfall_3h,rainfall_24h,humidity,elevation,slope,soil_moisture,river_distance,flood
35.9,103.9,348.1,80.0,2690.0,22.3,0.78,373.0,0
22.4,64.4,110.5,89.1,898.0,25.8,0.84,326.0,1
20.7,57.4,182.1,62.5,1552.0,24.8,0.29,907.0,0
20.7,65.4,165.1,90.9,1570.0,15.8,0.34,263.0,0
69.7,164.0,438.9,49.8,2659.0,5.2,0.29,2429.0,0
43.0,85.3,138.4,56.3,2360.0,40.5,0.79,120.0,1
17.0,46.5,91.9,42.6,1685.0,36.5,0.95,536.0,0
37.0,104.5,363.3,61.9,2111.0,8.0,0.75,56.0,0
30.0,78.1,205.8,62.8,2588.0,35.4,0.89,794.0,1
3.2,6.8,15.3,88.3,326.0,28.9,0.67,3150.0,0
10.1,25.2,62.1,79.2,1388.0,19.6,0.45,1026.0,0
31.6,70.7,257.0,66.2,2750.0,12.9,0.48,487.0,0
65.5,157.0,529.6,79.1,2299.0,39.0,0.17,398.0,1
20.9,56.4,123.1,43.2,1766.0,32.1,0.13,1081.0,0
15.9,45.1,80.9,50.8,1730.0,25.6,0.73,1649.0,0
27.2,57.8,123.2,77.6,1239.0,28.2,0.49,2717.0,0
15.1,35.7,135.7,78.5,1705.0,5.9,0.6,303.0,0
19.8,43.0,127.1,86.4,2070.0,22.4,0.6,2821.0,0
24.7,51.4,145.7,64.2,1430.0,10.3,0.35,102.0,0
9.6,27.8,83.2,83.4,2228.0,11.0,0.53,175.0,0
44.6,136.9,330.6,81.0,2625.0,30.4,0.52,56.0,0
8.0,18.6,65.5,97.8,718.0,41.2,0.45,190.0,1
7.1,20.2,56.8,52.9,1519.0,19.4,0.84,876.0,0
29.0,88.6,158.8,73.1,1402.0,10.9,0.51,1150.0,0
42.2,125.9,229.6,76.1,2156.0,29.9,0.64,905.0,0
28.5,58.5,166.3,99.9,975.0,39.5,0.91,598.0,1
22.8,71.6,275.2,52.1,2029.0,34.2,0.88,433.0,1
19.6,45.6,103.6,71.4,2669.0,39.4,0.9,740.0,1
17.1,38.9,142.9,60.8,1429.0,25.1,0.34,297.0,0
51.6,97.3,331.9,71.6,2760.0,34.3,0.13,1104.0,0
31.8,78.9,167.3,53.9,2982.0,8.0,0.33,678.0,0
18.3,35.7,56.7,42.9,586.0,17.0,0.35,718.0,0
14.0,30.2,52.9,74.4,929.0,18.8,0.92,461.0,0
38.8,87.1,289.2,60.2,2866.0,24.0,0.68,1299.0,0
50.8,148.8,297.5,50.9,2887.0,42.0,0.17,174.0,0
47.7,144.4,350.6,59.4,564.0,39.6,0.22,288.0,0
12.0,26.7,73.6,43.0,340.0,7.8,0.24,902.0,0
19.5,58.5,193.8,97.0,735.0,9.4,0.67,407.0,0
16.8,50.5,90.0,74.9,2989.0,17.4,0.76,1320.0,0
21.6,61.9,155.8,88.9,786.0,14.5,0.87,255.0,0
44.3,88.8,240.8,65.4,1657.0,28.4,0.95,277.0,1
61.5,170.2,485.5,94.2,2591.0,40.8,0.28,1318.0,1
32.7,102.1,361.9,69.0,355.0,43.4,0.38,375.0,0
14.5,39.9,76.9,74.4,1932.0,30.1,0.32,436.0,0
24.3,55.1,193.8,69.5,1048.0,38.0,0.42,243.0,0
69.2,173.0,559.3,84.0,2628.0,24.6,0.92,194.0,1
26.7,72.3,208.8,74.0,1065.0,11.0,0.62,640.0,0
19.6,49.4,160.5,56.3,2154.0,24.6,0.76,77.0,0
21.0,41.3,104.5,48.7,2120.0,25.9,0.54,1269.0,0
32.6,72.9,134.5,76.4,898.0,33.9,0.13,906.0,1
12.4,36.2,114.6,69.4,394.0,11.5,0.16,127.0,0
16.5,49.6,139.4,45.8,1405.0,17.8,0.58,711.0,0
47.2,94.1,291.6,63.7,1081.0,17.7,0.75,554.0,0
31.9,100.0,234.6,70.9,2484.0,43.3,0.29,122.0,1
26.9,60.9,229.3,89.6,2461.0,21.1,0.75,191.0,1
48.8,133.2,395.4,44.6,1534.0,34.5,0.83,316.0,1
13.7,39.1,67.1,60.9,1938.0,34.3,0.47,721.0,0
19.2,56.3,147.8,89.4,1932.0,13.4,0.77,611.0,0
31.2,97.4,330.3,78.9,2533.0,26.6,0.46,456.0,0
30.4,68.0,237.2,57.4,1448.0,40.5,0.71,878.0,0
6.4,19.2,52.5,90.7,1044.0,22.4,0.79,851.0,0
17.7,35.1,131.3,69.6,1016.0,42.6,0.99,577.0,1
22.0,61.3,133.0,69.9,1748.0,11.2,0.41,928.0,0
33.7,95.6,241.5,98.6,1513.0,5.2,0.47,244.0,1
30.3,83.4,312.3,96.8,1488.0,40.3,0.25,1278.0,0
23.6,50.8,190.0,61.5,546.0,38.5,0.28,573.0,0
3.2,9.7,31.2,48.4,2240.0,44.7,0.72,1037.0,0
24.5,49.9,181.9,59.5,877.0,31.2,0.93,474.0,0
26.2,49.1,84.5,41.8,832.0,42.3,0.46,148.0,0
109.5,307.0,1124.4,41.2,1414.0,37.6,0.26,469.0,1
21.5,52.9,121.8,63.7,915.0,38.3,0.36,278.0,0
31.3,93.6,182.1,96.5,1876.0,26.5,0.51,717.0,0
54.3,126.9,266.3,92.3,1303.0,18.4,0.36,388.0,0
42.6,86.7,220.5,70.7,1512.0,42.2,0.31,1085.0,0
63.2,187.7,399.5,73.9,1750.0,20.6,0.76,680.0,1
6.5,16.7,38.4,40.4,850.0,25.2,0.11,692.0,0
10.3,21.3,39.1,52.9,721.0,21.2,0.59,147.0,0
15.6,43.7,97.9,41.5,2677.0,26.3,0.81,2491.0,0
5.4,13.6,39.7,85.3,1471.0,22.2,0.34,1106.0,0
26.4,69.7,181.6,48.7,1413.0,4.1,0.64,934.0,0
11.1,27.1,64.2,92.1,396.0,39.9,0.7,240.0,0
68.6,203.2,683.8,78.6,1645.0,21.1,0.69,460.0,1
12.7,37.6,140.3,53.8,1796.0,27.3,0.5,88.0,0
19.3,53.8,182.5,49.5,1809.0,8.0,0.41,464.0,0
44.3,86.3,201.0,77.7,2209.0,2.1,0.85,95.0,0
7.9,23.6,79.3,94.1,779.0,12.5,0.78,483.0,0
5.0,13.7,25.8,83.1,981.0,32.3,0.39,628.0,0
28.7,79.8,145.7,60.9,2489.0,6.3,0.19,297.0,1
30.4,70.1,165.8,75.2,2857.0,41.1,0.16,414.0,0
43.4,131.6,463.0,58.6,667.0,11.2,0.18,1251.0,0
36.5,102.9,217.6,99.9,1644.0,10.8,0.62,69.0,0
31.2,61.1,101.3,84.9,878.0,9.8,0.15,941.0,0
14.0,33.2,60.8,76.9,462.0,2.6,0.4,112.0,0
29.8,90.5,330.2,65.4,1179.0,35.2,0.78,22.0,1
31.1,58.1,179.1,77.1,688.0,39.6,0.36,123.0,0
13.6,42.7,91.0,60.5,2217.0,28.4,0.79,869.0,0
81.3,223.7,646.2,41.7,1741.0,10.1,0.77,312.0,1
35.3,94.9,267.4,63.7,688.0,14.3,0.32,1236.0,0
10.5,22.8,71.6,95.8,325.0,22.5,0.76,446.0,0
43.5,93.6,194.9,77.6,2482.0,43.0,0.77,20.0,1
48.7,151.8,555.9,45.0,776.0,12.6,0.46,757.0,0
33.9,75.1,170.8,93.1,1937.0,33.5,0.29,70.0,0
20.5,59.3,191.8,56.1,1210.0,20.9,0.57,935.0,0
13.1,30.7,47.3,54.6,1881.0,14.8,0.93,110.0,0
23.5,47.0,114.2,57.8,1152.0,21.6,0.68,254.0,0
32.2,58.5,139.1,74.6,535.0,5.1,0.26,859.0,0
25.3,64.7,184.9,72.7,902.0,36.3,0.71,1850.0,0
65.0,205.9,346.3,69.5,808.0,12.5,0.48,279.0,0
39.2,90.8,315.5,83.1,1456.0,33.2,0.63,1061.0,0
11.8,27.1,55.5,59.0,2077.0,4.9,0.76,127.0,0
9.5,21.6,69.0,86.9,1012.0,43.1,0.56,988.0,0
35.6,89.9,315.4,50.5,333.0,10.3,0.83,643.0,0
20.9,50.6,146.9,87.0,1701.0,40.0,0.75,128.0,1
41.5,125.9,422.1,79.8,1936.0,36.8,0.65,216.0,0
35.3,88.6,279.5,81.0,2900.0,43.6,0.24,85.0,0
23.6,59.3,141.6,68.9,1892.0,22.5,0.85,290.0,0
11.9,23.8,83.7,80.0,1572.0,33.3,0.94,137.0,1
5.6,17.9,40.1,44.8,1848.0,17.9,0.22,620.0,0
29.4,63.2,184.9,91.1,2805.0,9.9,0.54,3122.0,0
7.8,14.8,49.9,43.3,2537.0,21.1,0.33,20.0,0
11.5,31.4,76.7,48.9,1172.0,9.1,0.78,467.0,0
28.1,74.0,167.0,74.6,941.0,44.2,0.75,512.0,1
26.1,62.3,164.9,84.4,1009.0,6.1,0.23,1474.0,0
8.8,20.9,74.2,44.6,1662.0,27.3,0.89,423.0,0
52.4,151.9,580.9,95.2,2309.0,28.9,0.26,471.0,0
51.5,106.7,305.5,98.4,1659.0,25.1,0.82,383.0,1
36.4,107.2,338.1,76.4,483.0,30.5,0.51,188.0,0
36.3,98.4,369.7,68.9,2254.0,7.0,0.4,35.0,0
36.4,86.8,151.5,84.5,2476.0,25.9,0.24,315.0,0
48.4,118.2,245.8,59.7,1082.0,14.4,0.25,32.0,0
39.9,86.1,281.6,69.6,2093.0,42.4,0.7,480.0,1
12.8,36.6,130.2,95.0,1452.0,34.8,0.6,220.0,0
20.7,52.1,189.8,97.3,2701.0,43.8,0.21,458.0,0
101.9,229.3,581.9,95.6,2582.0,3.6,0.2,87.0,0
3.5,9.1,15.8,55.7,1719.0,14.3,0.17,1619.0,0
16.9,54.1,140.3,53.9,2167.0,10.4,0.77,1350.0,0
52.6,126.7,263.1,57.9,2685.0,2.5,0.74,126.0,0
13.5,41.9,93.2,66.5,1638.0,12.4,0.15,252.0,0
40.6,92.7,318.0,58.9,1146.0,31.2,0.6,570.0,0
25.9,48.6,82.1,62.5,2335.0,11.9,0.18,60.0,0
14.4,30.0,107.1,77.2,894.0,23.9,0.91,263.0,0
2.7,6.5,16.6,85.8,1349.0,40.2,0.92,173.0,1
28.8,60.7,181.4,84.1,2637.0,31.8,0.73,1483.0,0
12.6,22.6,39.0,88.9,2256.0,19.0,0.93,1148.0,0
22.8,70.4,164.9,41.9,1390.0,18.0,0.83,520.0,0
36.1,107.7,185.6,42.9,880.0,21.6,0.85,441.0,0
45.8,130.0,507.6,87.4,1261.0,9.6,0.61,1602.0,0
16.9,34.4,120.9,72.0,1067.0,29.3,0.38,1617.0,0
14.4,28.3,74.9,74.7,775.0,17.7,0.3,2091.0,0
7.7,14.5,29.9,43.2,2307.0,38.7,0.39,80.0,1
47.3,133.1,510.4,55.3,981.0,34.5,0.67,105.0,0
92.7,287.5,678.9,78.3,1526.0,28.3,0.26,678.0,1
50.8,122.1,232.2,91.6,1342.0,17.7,0.33,468.0,0
58.4,114.9,334.2,95.0,2952.0,11.0,0.52,20.0,0
13.6,34.4,132.6,70.0,1356.0,35.4,0.31,38.0,0
34.6,79.2,119.6,72.7,516.0,22.9,0.63,1314.0,0
43.2,100.4,210.4,90.0,543.0,11.7,0.93,1219.0,0
9.9,26.6,102.1,72.3,1895.0,10.4,0.77,265.0,0
71.8,201.5,388.4,71.0,1918.0,9.1,0.7,1330.0,0
6.3,12.3,21.9,94.3,1431.0,35.4,0.62,540.0,0
64.6,119.5,349.5,87.4,1466.0,11.8,0.54,984.0,0
6.2,19.9,72.7,94.5,446.0,24.6,0.27,335.0,0
10.4,22.1,59.6,53.1,1695.0,21.4,0.91,72.0,0
35.1,65.7,262.1,71.5,1663.0,26.9,0.32,341.0,0
26.4,54.5,174.3,90.5,704.0,39.7,0.18,367.0,0
18.3,33.9,57.1,46.7,580.0,39.3,0.78,480.0,0
70.0,164.4,654.7,87.7,634.0,21.4,0.26,67.0,0
7.9,23.0,58.0,51.0,573.0,2.7,0.43,2854.0,0
22.2,50.5,112.1,88.5,1946.0,20.3,0.13,168.0,0
38.2,92.5,267.9,76.7,831.0,28.1,0.22,133.0,0
30.8,84.7,191.5,51.6,979.0,26.0,0.26,449.0,1
14.8,37.1,63.7,68.4,769.0,30.0,0.15,462.0,0
15.2,45.8,68.9,80.9,2886.0,8.6,0.69,348.0,0
45.3,136.5,358.3,78.0,2607.0,29.8,0.85,887.0,1
46.8,84.9,304.8,65.6,922.0,9.9,0.44,436.0,0
31.4,90.8,266.2,94.0,1184.0,34.3,0.89,564.0,1
12.1,29.7,118.6,71.2,867.0,16.6,0.29,772.0,0
15.6,49.8,110.5,70.4,1628.0,32.5,0.39,20.0,0
24.6,60.9,134.1,43.7,353.0,4.1,0.24,507.0,0
27.3,87.0,165.2,95.3,2113.0,19.5,0.66,1294.0,0
37.2,106.1,202.8,50.6,1713.0,32.3,0.48,20.0,0
21.3,45.7,101.2,71.7,2726.0,11.8,0.65,312.0,0
44.6,114.0,396.9,88.2,744.0,36.2,0.79,1564.0,1
44.3,141.3,531.7,52.9,2471.0,29.1,0.59,261.0,1
59.8,179.3,706.1,71.6,2438.0,27.3,0.66,368.0,0
25.4,49.2,102.4,54.4,643.0,17.2,0.94,2395.0,1
31.8,88.7,328.6,85.6,1376.0,22.7,0.37,133.0,0
22.6,51.5,119.6,73.9,759.0,27.7,0.42,40.0,0
12.3,22.2,39.6,91.4,988.0,22.3,0.75,1177.0,0
91.4,216.0,793.9,93.7,1011.0,32.0,0.65,1217.0,1
54.8,116.7,360.5,78.9,1802.0,20.6,0.26,383.0,0
43.7,128.7,246.0,83.5,1411.0,10.7,0.44,433.0,0
24.8,56.3,144.9,73.0,2859.0,11.2,0.52,1084.0,0
11.3,33.5,74.4,63.1,641.0,2.2,0.48,805.0,0
49.0,88.3,295.1,78.9,2929.0,14.9,0.26,185.0,0
22.3,49.7,130.8,94.5,923.0,34.2,0.93,20.0,1
33.9,72.4,287.7,65.0,2387.0,36.1,0.79,392.0,1
15.6,33.2,54.3,58.9,1215.0,10.7,0.53,1175.0,0
30.1,57.0,136.0,63.3,686.0,43.2,0.71,1357.0,0
16.4,33.8,91.5,66.1,2616.0,23.6,0.91,1877.0,1
16.9,43.7,120.4,44.4,1134.0,41.4,0.22,1270.0,0
29.8,65.7,150.5,69.9,2079.0,32.4,0.33,521.0,0
6.1,14.6,48.6,69.7,1829.0,33.1,0.59,353.0,0
6.4,15.0,55.3,75.3,1574.0,5.7,0.82,895.0,1
13.5,40.9,157.3,61.8,1639.0,11.5,0.13,808.0,0
21.1,64.7,227.2,76.8,2277.0,2.4,0.99,464.0,0
45.6,113.4,411.4,92.7,537.0,32.8,0.51,55.0,1
22.0,49.8,143.3,97.3,2104.0,16.8,0.42,1563.0,0
24.6,48.0,171.3,75.0,2719.0,35.8,0.36,365.0,0
19.8,62.1,140.3,42.6,456.0,16.6,0.26,271.0,1
31.8,59.9,149.5,98.2,680.0,37.2,0.81,596.0,0
12.2,27.0,61.8,82.4,2235.0,7.6,0.96,672.0,0
23.0,50.9,135.8,60.2,1481.0,9.5,0.47,142.0,0
33.6,75.6,167.3,48.8,1390.0,16.7,0.96,1088.0,0
29.6,60.1,234.5,48.6,670.0,19.6,0.84,205.0,0
25.2,73.1,166.9,50.1,1668.0,17.0,0.53,124.0,0
25.5,50.2,87.7,42.7,642.0,34.8,0.71,313.0,0
35.9,96.6,272.2,94.1,1587.0,6.2,0.49,787.0,0
94.2,185.8,305.3,72.4,2362.0,17.1,0.6,2019.0,0
12.9,24.5,43.5,82.0,997.0,38.0,0.15,994.0,0
95.9,294.7,603.7,89.7,1598.0,4.9,0.73,1692.0,1
12.4,25.6,68.1,87.5,2978.0,42.5,0.15,91.0,0
2.3,6.8,17.5,93.0,2154.0,44.4,0.84,44.0,1
16.1,41.4,144.7,98.0,2572.0,5.8,0.84,489.0,0
32.2,61.5,206.0,66.3,1420.0,14.5,0.31,206.0,0
81.8,256.6,658.3,97.0,2373.0,18.0,0.39,1056.0,1
11.3,24.3,56.7,83.4,409.0,35.4,0.53,669.0,1
35.8,107.5,246.3,44.2,632.0,27.6,0.64,2119.0,0
7.2,14.6,50.1,80.9,848.0,29.7,0.36,176.0,1
79.9,239.3,390.1,81.2,1385.0,34.6,0.63,399.0,1
55.5,100.9,154.6,94.4,2584.0,7.1,0.37,417.0,0
17.0,42.7,149.0,62.4,1235.0,37.8,0.15,164.0,0
61.5,176.8,476.1,75.1,2067.0,32.3,0.1,535.0,1
22.8,71.0,129.8,40.7,2215.0,26.8,0.19,351.0,0
57.4,176.5,368.8,59.9,1883.0,40.3,0.81,355.0,1
25.1,74.0,283.5,43.7,1265.0,32.1,0.97,270.0,0
25.9,78.9,287.8,71.3,1858.0,10.7,0.48,20.0,0
17.3,35.9,117.5,89.0,1224.0,20.5,0.56,443.0,0
39.1,85.9,232.5,52.4,526.0,23.2,0.23,245.0,0
27.4,60.4,169.2,71.6,2981.0,4.4,0.6,20.0,0
36.3,84.6,333.2,52.2,643.0,43.0,0.23,221.0,0
5.5,12.9,50.7,47.2,495.0,7.5,0.65,196.0,0
58.8,150.7,307.1,70.7,2672.0,32.0,0.94,300.0,1
68.7,139.0,490.3,44.7,1115.0,23.8,0.28,85.0,0
27.3,75.6,150.6,75.2,2056.0,3.1,0.79,425.0,0
89.9,182.9,372.0,41.9,1188.0,41.8,0.12,707.0,0
76.7,171.4,546.9,46.4,1357.0,38.6,0.44,597.0,1
39.7,99.4,249.8,73.0,1008.0,24.5,0.2,977.0,0
62.0,180.7,691.7,75.5,1226.0,11.8,0.42,361.0,0
51.6,146.3,252.0,41.7,1409.0,7.2,0.26,439.0,0
4.1,11.0,30.6,74.4,2245.0,17.6,0.44,998.0,0
20.1,40.6,154.3,90.3,1681.0,13.0,0.48,335.0,0
41.6,106.8,401.6,83.3,2848.0,23.8,0.37,726.0,0
71.7,137.8,260.5,47.9,413.0,43.6,0.69,342.0,0
6.7,15.5,37.5,75.5,1658.0,26.7,0.93,324.0,0
4.4,10.5,31.9,80.3,1877.0,40.3,0.46,857.0,0
23.9,44.4,84.3,42.2,2785.0,30.0,0.27,115.0,0
2.5,5.5,21.7,91.3,433.0,22.4,0.34,248.0,0
23.3,73.2,277.0,94.4,1848.0,38.7,0.87,152.0,1
32.8,102.8,197.1,91.0,2605.0,22.3,0.61,267.0,0
10.9,24.9,44.9,89.5,953.0,39.4,0.51,157.0,0
23.8,44.3,75.9,84.7,2666.0,14.5,0.23,520.0,0
48.4,99.3,374.8,78.0,351.0,7.5,0.5,960.0,0
16.1,37.8,74.9,80.7,2278.0,38.8,0.35,927.0,0
12.6,39.3,99.9,88.4,2819.0,27.3,0.95,272.0,0
23.0,45.9,120.4,79.7,2074.0,40.2,0.9,2693.0,1
9.8,28.2,84.6,59.7,1485.0,42.3,0.18,541.0,0
85.6,167.1,280.7,62.6,421.0,4.3,0.56,306.0,1
25.7,81.5,168.5,93.8,2784.0,23.5,0.3,1083.0,0
13.8,32.1,122.9,41.0,1570.0,18.1,0.47,785.0,0
29.4,84.8,319.6,81.9,378.0,28.9,0.89,830.0,1
22.9,52.2,180.2,97.3,2163.0,36.1,0.57,131.0,0
21.0,56.1,86.9,82.4,1601.0,14.1,0.4,379.0,0
16.1,33.2,77.0,99.6,636.0,25.9,0.29,1188.0,0
15.4,30.9,94.9,81.3,879.0,32.5,0.82,421.0,0
5.6,17.6,38.4,42.1,474.0,7.8,0.66,690.0,0
61.9,191.0,720.7,89.6,1851.0,37.0,0.52,532.0,1
37.9,115.3,355.8,57.1,1979.0,28.1,0.3,1108.0,0
31.5,84.3,141.7,66.8,1666.0,42.8,0.4,201.0,1
22.6,66.3,250.0,58.7,2506.0,16.6,0.96,514.0,0
10.7,20.3,78.9,56.1,2625.0,6.7,0.57,79.0,0
13.0,29.6,50.1,65.9,1962.0,23.8,0.46,703.0,0
6.3,14.2,40.2,62.7,334.0,5.7,0.57,790.0,1
14.5,38.9,87.8,78.0,2177.0,43.7,0.8,26.0,0
9.4,21.5,53.4,88.8,1429.0,3.7,0.41,676.0,0
74.0,148.5,289.5,57.8,1827.0,34.4,0.26,321.0,0
46.3,121.9,359.0,52.8,2053.0,24.6,0.63,79.0,0
26.5,78.0,303.8,80.0,1246.0,17.9,0.7,327.0,1
11.8,27.4,75.7,80.2,2776.0,4.8,0.74,130.0,0
9.8,19.5,33.3,94.1,662.0,28.8,0.89,322.0,0
21.5,44.6,136.0,41.0,2113.0,27.2,0.43,291.0,1
47.6,101.4,238.4,91.2,312.0,14.1,0.17,805.0,0
6.5,14.5,52.7,71.3,2797.0,41.1,0.96,893.0,1
37.6,101.4,262.3,77.3,604.0,15.1,0.49,560.0,0
14.4,38.0,75.4,45.5,556.0,21.3,0.66,20.0,0
16.7,46.3,91.7,66.0,1199.0,25.4,0.7,1604.0,0
26.0,59.9,204.9,53.6,1309.0,6.3,0.59,695.0,0
12.1,35.8,77.4,55.3,879.0,42.1,0.28,21.0,0
20.7,43.1,147.2,70.2,1880.0,18.1,0.78,1025.0,0
11.2,27.6,55.5,88.7,1496.0,5.5,0.82,134.0,1
15.4,45.0,103.7,84.6,392.0,18.7,0.6,519.0,0
42.7,87.6,233.2,75.5,1163.0,27.8,0.54,377.0,0
27.0,52.7,203.3,72.4,2488.0,24.1,0.2,327.0,0
42.6,129.2,494.9,65.6,2162.0,31.9,0.18,1323.0,0
14.2,32.5,65.5,98.4,2257.0,4.4,0.41,345.0,0
37.8,104.1,249.4,73.6,2185.0,14.2,0.38,47.0,0
4.9,8.9,16.8,55.2,1140.0,37.2,0.96,1758.0,0
25.9,71.8,199.1,53.8,569.0,5.4,0.81,1519.0,0
39.5,88.6,235.0,76.7,1036.0,38.8,0.69,692.0,1
4.7,8.7,32.8,71.4,2546.0,6.0,0.57,379.0,0
14.4,38.2,146.0,40.5,2947.0,37.9,0.25,58.0,0
25.9,55.4,136.3,89.8,1633.0,17.5,0.98,939.0,0
50.0,117.0,319.5,82.2,326.0,28.3,0.44,47.0,0
15.4,29.5,110.3,79.7,678.0,8.6,0.2,43.0,0
36.7,73.7,259.1,44.1,1170.0,4.8,0.54,463.0,0
64.6,143.2,216.1,61.7,1862.0,11.3,0.89,105.0,1
37.9,73.0,168.0,96.1,503.0,7.5,0.9,20.0,0
21.3,65.4,167.1,91.8,2847.0,15.4,0.11,330.0,0
32.9,59.5,123.4,57.1,1286.0,24.1,0.9,89.0,0
15.0,37.2,74.4,49.4,2764.0,27.3,0.34,105.0,0
26.7,52.7,84.0,66.9,2407.0,36.0,0.14,48.0,0
22.1,49.3,153.3,61.3,2340.0,30.2,0.86,138.0,0
32.1,99.5,214.5,80.9,1938.0,28.2,0.88,754.0,0
17.8,36.2,59.0,98.0,1992.0,19.7,0.64,993.0,0
33.4,105.4,219.0,61.8,2023.0,22.4,0.62,361.0,0
17.7,37.0,129.5,43.7,1998.0,19.8,0.83,424.0,0
45.9,130.4,473.2,93.9,1795.0,38.2,0.81,20.0,1
19.2,49.3,133.4,42.3,2963.0,11.9,0.9,43.0,0
2.7,8.1,20.5,97.2,2277.0,2.2,0.6,179.0,0
10.1,26.1,102.8,79.9,2398.0,30.0,0.97,471.0,0
25.4,64.6,129.3,96.5,2656.0,10.7,1.0,807.0,0
73.5,152.5,310.9,52.0,882.0,40.3,0.2,557.0,0
44.7,91.0,202.8,42.4,526.0,38.9,0.86,299.0,0
2.0,6.1,11.8,69.3,1604.0,5.3,0.55,76.0,0
5.9,13.3,32.7,67.0,1688.0,6.6,0.45,911.0,0
54.3,126.1,476.3,59.9,2539.0,23.3,0.65,271.0,1
39.4,112.7,342.5,97.5,1498.0,28.2,0.15,799.0,0
99.8,227.0,574.2,89.4,1841.0,13.8,0.56,432.0,0
17.1,53.6,205.7,79.7,1723.0,32.8,0.88,805.0,0
11.9,33.7,54.6,49.8,403.0,27.6,0.29,1427.0,0
26.4,69.6,141.1,84.1,1961.0,16.0,0.48,1523.0,1
16.8,51.1,148.9,83.6,2536.0,3.1,0.95,460.0,0
51.0,95.3,289.5,65.5,725.0,34.3,0.49,430.0,1
16.4,35.4,56.5,95.5,1905.0,11.2,0.42,185.0,0
20.1,49.3,123.7,50.0,1903.0,37.9,0.5,1647.0,0
10.4,22.1,69.0,56.0,743.0,20.1,0.57,367.0,0
42.7,121.4,393.8,43.8,633.0,26.8,0.67,82.0,0
11.1,34.1,105.6,87.7,2946.0,39.5,0.82,340.0,1
33.9,81.1,186.7,77.3,1363.0,39.1,0.51,82.0,0
81.8,186.4,323.2,58.9,914.0,18.0,0.84,419.0,0
4.0,12.4,31.9,49.8,763.0,11.0,0.58,494.0,0
66.6,161.4,294.0,42.4,2103.0,35.3,0.4,247.0,0
30.8,76.6,296.3,50.0,1946.0,20.6,0.69,45.0,0
8.9,20.5,55.0,67.2,2038.0,10.3,0.75,1724.0,0
27.2,83.5,191.5,54.8,538.0,40.9,0.6,891.0,0
41.9,108.7,371.2,55.5,2713.0,10.5,0.15,1095.0,0
12.6,36.1,99.2,92.5,1351.0,3.1,0.25,274.0,0
35.3,103.6,235.7,70.9,1146.0,2.9,0.36,858.0,0
70.3,160.1,565.3,83.8,1548.0,28.8,0.35,399.0,0
16.3,39.4,144.4,42.1,1353.0,30.5,0.71,135.0,0
10.3,30.8,98.1,61.9,2632.0,15.4,0.12,80.0,0
22.6,52.3,84.5,68.8,2809.0,15.8,0.78,254.0,0
26.1,76.0,221.5,51.2,1119.0,16.6,0.34,89.0,0
52.7,164.4,560.3,47.2,2633.0,31.2,0.38,3815.0,0
22.1,59.0,108.6,92.2,2410.0,4.5,0.58,30.0,0
17.6,50.0,103.6,96.4,2813.0,42.0,0.29,349.0,0
10.1,29.5,109.3,44.7,964.0,11.6,0.9,361.0,0
4.7,14.0,21.7,60.9,1858.0,45.0,0.18,215.0,0
7.4,17.5,59.0,97.5,1041.0,9.4,0.5,508.0,0
7.4,13.8,37.0,45.0,2525.0,35.2,0.86,97.0,0
20.3,48.0,125.5,78.6,314.0,11.6,0.65,919.0,0
5.7,15.7,23.8,98.3,1825.0,5.5,0.36,242.0,0
24.0,58.2,206.7,98.7,1216.0,39.6,0.48,537.0,0
80.6,229.6,551.0,68.3,1171.0,38.9,0.74,755.0,1
53.8,123.7,352.7,49.8,2041.0,19.4,0.98,1319.0,0
20.1,54.2,173.0,52.1,2599.0,32.2,0.9,1084.0,0
115.3,237.6,773.7,93.4,1945.0,26.0,0.41,562.0,1
26.2,74.5,290.0,94.7,2604.0,38.7,1.0,295.0,1
29.0,74.4,210.6,76.5,1014.0,15.5,0.1,420.0,0
22.3,46.5,116.3,86.0,1703.0,24.5,0.12,879.0,0
24.4,53.8,209.1,84.4,1516.0,22.9,0.84,1260.0,0
15.9,45.2,140.5,79.7,331.0,17.2,0.28,66.0,0
20.4,50.5,113.3,89.6,1803.0,40.3,0.15,292.0,0
66.9,140.7,255.4,81.1,2086.0,9.1,0.31,898.0,1
57.7,182.1,656.7,72.0,1898.0,8.4,0.48,339.0,0
2.5,7.0,16.9,54.2,2288.0,26.8,0.76,242.0,1
6.4,20.3,63.8,84.6,1843.0,30.3,0.66,318.0,0
12.8,30.6,81.9,68.4,480.0,10.4,0.31,554.0,0
47.8,118.0,235.6,57.7,614.0,18.8,0.55,5000.0,0
58.6,179.1,538.1,88.1,1910.0,42.7,0.93,408.0,1
41.7,105.8,174.8,81.8,1042.0,12.6,0.83,140.0,0
8.9,24.8,62.8,96.2,515.0,30.7,0.39,107.0,0
16.2,34.8,99.7,49.9,1460.0,33.8,0.98,26.0,1
35.7,86.6,224.4,79.0,1797.0,21.3,0.74,491.0,1
20.6,40.7,137.2,54.7,1188.0,42.3,0.16,472.0,0
18.4,38.5,137.3,94.2,2245.0,33.7,0.13,138.0,0
18.6,33.6,115.1,46.0,2038.0,21.7,0.25,713.0,0
54.8,101.7,162.5,79.4,1199.0,26.5,0.76,811.0,0
38.3,121.4,241.1,87.5,2338.0,31.8,0.27,180.0,0
19.5,41.7,118.4,61.3,2051.0,27.5,0.56,253.0,0
31.9,86.9,333.6,97.2,2021.0,39.8,0.18,2792.0,0
7.8,23.1,82.8,91.0,1794.0,17.3,0.93,281.0,0
16.2,41.6,150.0,57.7,331.0,14.9,0.41,858.0,0
51.3,103.4,233.4,40.5,2181.0,11.2,0.92,362.0,1
5.3,15.1,38.8,57.8,1315.0,3.6,0.95,946.0,0
38.7,102.1,273.3,56.9,2845.0,3.8,0.11,879.0,0
2.5,7.0,13.2,93.4,2509.0,39.4,0.52,661.0,0
74.3,213.9,337.5,98.0,1887.0,31.2,0.12,1158.0,0
15.9,50.2,194.2,44.2,981.0,30.4,0.92,1680.0,0
33.6,87.3,183.6,68.3,850.0,28.4,0.57,520.0,0
27.3,62.1,130.5,72.9,1219.0,38.5,0.17,163.0,0
28.0,75.9,129.6,45.6,1587.0,22.7,0.2,305.0,0
31.4,59.6,227.8,62.6,1099.0,39.4,0.45,852.0,0
4.4,13.3,39.2,59.0,1690.0,17.5,0.95,631.0,0
28.5,56.0,177.3,72.2,747.0,41.8,0.72,117.0,1
21.6,48.8,184.4,79.7,2940.0,32.0,0.88,32.0,0
15.9,46.9,110.8,82.2,591.0,13.1,0.43,689.0,1
12.8,33.6,102.7,48.2,2816.0,26.3,0.14,173.0,0
29.0,68.2,108.8,88.8,2767.0,24.9,0.98,415.0,1
10.4,25.7,50.6,80.7,1718.0,7.9,0.12,824.0,0
50.7,151.9,543.5,93.3,2257.0,27.4,0.95,496.0,1
35.3,80.4,274.6,67.0,1477.0,15.5,0.43,52.0,0
30.3,91.4,217.2,93.6,2001.0,4.3,0.11,123.0,0
49.3,94.8,231.4,91.9,1220.0,42.8,0.72,149.0,1
3.6,10.4,29.5,66.3,1113.0,29.6,0.98,179.0,0
7.5,22.4,33.6,62.9,1861.0,39.7,0.97,500.0,1
36.4,74.8,157.4,96.0,1645.0,31.1,0.24,421.0,0
13.4,32.2,65.1,82.9,1865.0,17.4,0.26,136.0,0
14.9,30.3,64.5,95.7,1074.0,24.0,0.61,42.0,0
6.5,18.0,63.3,87.8,1291.0,31.1,0.67,113.0,1
10.5,26.7,58.7,76.6,527.0,43.3,0.77,2496.0,1
51.5,138.4,273.9,47.0,441.0,12.9,0.26,379.0,0
35.8,74.3,205.2,57.5,984.0,39.6,0.96,1212.0,1
28.8,60.3,220.9,98.1,500.0,41.7,0.67,1133.0,0
15.4,28.7,60.3,59.2,580.0,30.8,0.86,430.0,0
27.4,61.8,104.8,45.6,2495.0,42.0,0.59,736.0,0
54.5,140.8,336.8,82.5,405.0,19.1,0.47,128.0,0
13.7,41.1,138.6,84.0,2079.0,43.0,0.98,700.0,1
24.3,66.5,191.3,57.1,1036.0,32.2,0.62,191.0,0
77.4,186.4,660.2,57.9,2653.0,3.8,0.88,1070.0,1
41.4,129.6,505.5,68.1,1609.0,41.0,0.96,52.0,1
15.6,43.8,152.6,41.3,1125.0,22.8,0.71,890.0,0
39.1,121.2,364.8,87.4,1698.0,21.8,0.59,63.0,1
5.3,13.3,36.5,59.0,1331.0,26.4,0.1,1278.0,0
23.6,51.0,81.6,91.2,1824.0,8.4,0.14,218.0,0
39.0,73.2,289.8,88.2,609.0,22.2,0.28,637.0,0
33.1,93.3,229.3,79.7,2992.0,37.7,0.27,401.0,0
38.8,76.4,143.7,59.5,1449.0,2.7,0.33,274.0,1
44.9,99.8,316.0,71.0,1240.0,13.7,0.37,622.0,1
35.0,89.1,196.9,66.7,2218.0,2.1,0.42,1768.0,0
34.3,88.8,263.2,60.3,1283.0,19.9,0.48,25.0,0
29.2,77.2,229.1,90.9,2550.0,33.3,0.19,1507.0,0
9.4,19.0,49.8,69.0,1527.0,36.3,0.14,564.0,0
51.4,119.9,430.6,90.0,2243.0,42.6,0.71,988.0,1
24.2,64.6,139.7,46.3,590.0,28.2,0.58,291.0,0
40.7,128.4,336.6,48.5,2585.0,12.9,0.5,383.0,0
47.9,135.1,384.2,98.6,2286.0,41.7,0.67,1219.0,1
16.3,50.3,159.0,75.3,872.0,35.3,0.84,322.0,1
17.5,50.2,173.5,70.6,692.0,26.7,0.48,459.0,0
19.5,51.2,127.3,71.4,1154.0,31.9,0.68,20.0,0
58.1,120.1,374.1,52.9,2935.0,41.7,0.96,104.0,1
11.4,31.1,58.3,83.1,993.0,32.6,0.86,616.0,0
64.8,173.2,663.5,45.1,1532.0,17.8,0.48,757.0,0
29.0,76.7,188.4,74.4,381.0,32.7,0.68,524.0,0
30.5,75.9,252.3,74.2,1373.0,3.7,0.26,93.0,0
46.5,118.1,183.1,94.9,1843.0,18.6,0.6,354.0,0
26.6,60.4,121.6,71.6,2873.0,19.5,0.98,263.0,0
51.8,131.0,356.0,48.2,1695.0,9.2,0.57,411.0,0
16.3,33.8,124.8,74.4,2512.0,3.0,0.93,1226.0,0
63.4,185.7,523.2,45.5,1777.0,7.7,0.47,897.0,1
17.3,35.7,136.5,52.2,410.0,30.1,1.0,53.0,1
65.0,124.8,338.1,41.9,1151.0,36.5,0.62,1326.0,0
17.7,42.7,116.4,70.8,1854.0,44.5,0.14,383.0,0
19.9,54.2,97.6,45.1,2867.0,16.9,0.63,817.0,0
10.2,24.5,86.0,68.2,2620.0,27.8,0.35,91.0,0
12.9,28.2,59.7,96.0,917.0,42.3,0.13,667.0,0
24.3,62.8,235.5,83.2,894.0,9.2,0.84,162.0,1
29.8,68.2,257.4,44.6,843.0,32.9,0.35,346.0,0
49.3,153.2,591.0,53.5,2791.0,34.5,0.82,20.0,1
21.1,65.2,182.5,80.4,2602.0,5.8,0.36,99.0,0
33.2,83.0,265.0,93.7,2392.0,39.0,0.27,58.0,0
28.4,64.1,220.8,42.0,1360.0,37.0,0.98,164.0,1
35.8,101.4,185.3,88.7,1662.0,3.4,0.43,63.0,0
14.6,27.0,81.0,73.7,1554.0,5.9,0.64,706.0,0
16.1,39.6,62.8,72.8,984.0,4.1,0.65,20.0,0
14.6,33.1,90.8,97.5,1664.0,16.4,0.6,577.0,0
55.8,172.4,325.3,84.9,382.0,23.9,0.92,91.0,1
63.8,116.0,227.0,91.0,656.0,24.9,0.71,1742.0,0
15.5,39.9,96.2,61.2,2694.0,13.5,0.46,1623.0,0
15.8,44.7,115.4,73.3,2330.0,41.2,0.88,153.0,0
39.4,97.6,298.4,76.9,1442.0,17.8,0.26,572.0,0
68.5,131.6,221.8,59.3,1696.0,4.0,0.59,20.0,1
78.4,247.8,683.9,74.2,1299.0,14.9,0.96,1611.0,1
14.9,37.7,73.7,54.2,2300.0,24.8,0.66,444.0,0
18.2,48.5,142.2,48.6,2417.0,19.6,0.84,27.0,1
31.0,66.0,204.1,62.4,2361.0,13.8,0.69,252.0,1
32.1,79.4,229.6,84.4,2251.0,7.6,0.86,48.0,0
21.7,52.2,174.5,95.0,852.0,37.2,0.95,299.0,1
12.5,23.8,55.7,67.5,1213.0,44.8,0.35,665.0,0
24.4,47.5,162.0,78.6,1569.0,16.2,0.25,381.0,0
78.3,232.9,601.2,46.2,1193.0,18.4,0.54,290.0,1
16.3,34.7,94.1,94.3,2338.0,28.6,0.73,76.0,0
29.6,61.3,191.4,74.1,1189.0,32.9,0.3,169.0,0
112.8,282.8,437.2,86.8,673.0,18.9,0.1,63.0,0
16.1,46.2,144.9,87.7,1377.0,40.9,0.41,989.0,0
40.7,76.7,233.7,55.4,2946.0,26.1,0.97,87.0,1
80.5,210.0,477.6,71.8,910.0,21.4,0.73,543.0,1
38.3,75.3,129.1,97.6,1953.0,29.8,0.46,252.0,0
53.2,98.5,170.1,45.4,1469.0,43.0,0.27,154.0,0
44.5,83.4,317.5,81.0,492.0,36.2,0.42,612.0,0
36.2,107.3,346.0,97.7,1617.0,3.7,0.25,366.0,0
62.5,122.7,223.1,58.0,2196.0,16.3,0.2,307.0,0
39.8,74.1,177.3,91.7,1686.0,22.2,0.92,539.0,1
21.9,52.8,157.6,96.0,2655.0,15.5,1.0,405.0,1
28.0,83.3,299.1,84.8,1080.0,32.1,0.25,217.0,0
32.8,71.2,114.5,53.9,533.0,37.5,0.15,491.0,0
18.1,43.3,90.6,60.0,2829.0,33.4,0.4,664.0,0
28.9,53.6,199.7,42.1,1321.0,44.5,0.52,20.0,0
25.9,62.9,95.8,89.9,1856.0,13.7,0.28,376.0,0
39.7,103.6,207.5,91.0,2438.0,39.6,0.37,36.0,1
94.6,246.0,958.8,78.0,1176.0,35.0,0.28,124.0,1
30.1,68.3,207.2,61.2,2234.0,17.6,0.8,493.0,0
69.7,156.2,336.5,44.6,666.0,33.6,0.74,1207.0,0
38.7,75.5,125.8,85.2,1086.0,6.5,0.67,1286.0,0
28.8,66.6,104.6,83.6,691.0,35.9,0.45,44.0,0
17.3,33.6,70.9,94.8,2490.0,24.9,0.92,326.0,1
29.0,83.2,308.1,83.8,901.0,14.6,0.97,525.0,1
27.7,87.2,221.5,89.7,2237.0,30.2,0.26,95.0,0
13.7,43.4,143.3,84.8,2847.0,29.6,0.3,870.0,0
15.7,47.2,179.0,77.8,1725.0,11.0,0.57,818.0,0
33.0,87.3,219.9,65.6,1758.0,3.3,0.18,1402.0,0
69.2,192.5,380.8,94.1,1545.0,20.6,0.49,20.0,0
23.7,52.2,145.9,79.1,1180.0,26.5,0.62,147.0,0
6.1,16.5,62.1,63.9,1584.0,39.7,0.57,1053.0,0
10.0,24.3,85.4,45.0,1928.0,41.9,0.4,666.0,0
41.4,102.4,170.5,57.4,2962.0,24.7,0.59,1349.0,0
7.5,21.5,69.3,72.6,2832.0,34.4,0.96,35.0,0
46.0,100.9,295.7,56.5,2628.0,20.9,0.29,545.0,0
39.8,89.4,337.0,53.3,2701.0,34.1,0.69,505.0,0
23.1,71.6,129.3,71.6,1563.0,10.8,0.14,22.0,0
13.9,26.0,73.8,50.2,2075.0,18.0,0.16,432.0,0
20.6,51.1,189.1,88.0,2717.0,29.3,0.6,564.0,1
32.5,99.9,252.2,69.1,1361.0,2.8,0.19,127.0,0
7.8,20.6,55.7,74.4,2897.0,33.1,0.12,192.0,0
64.7,165.9,278.1,48.8,1423.0,37.9,0.25,614.0,0
32.2,69.3,152.2,59.5,1923.0,19.2,0.61,379.0,0
34.9,79.7,184.1,64.6,2216.0,21.3,0.73,1171.0,0
39.6,118.6,458.1,88.5,2867.0,38.6,0.28,251.0,0
60.6,156.5,345.3,86.2,960.0,35.4,0.7,186.0,1
29.0,73.1,193.9,53.4,2315.0,14.4,0.26,2514.0,0
41.4,80.3,255.2,77.0,1706.0,15.9,0.65,1452.0,0
14.1,25.6,48.8,54.6,1025.0,31.2,0.47,20.0,0
78.6,247.5,672.3,99.3,2397.0,26.2,0.69,884.0,0
27.6,64.2,214.7,97.1,1791.0,9.0,1.0,70.0,0
14.0,37.0,135.7,73.8,2085.0,15.3,0.94,20.0,0
17.3,33.1,101.5,81.9,1172.0,40.7,0.1,192.0,0
3.4,9.3,29.4,88.1,1599.0,31.6,0.9,188.0,1
17.2,53.5,97.1,83.3,1967.0,44.4,0.16,1027.0,0
1.3,3.4,13.2,82.0,1393.0,35.0,0.96,744.0,0
43.5,86.0,157.5,97.5,836.0,42.5,0.35,2398.0,0
34.2,89.4,307.1,75.8,2896.0,11.3,0.44,746.0,0
10.6,30.3,65.6,78.2,1681.0,35.2,0.18,325.0,0
24.1,57.1,218.8,91.0,2282.0,2.9,0.2,720.0,1
24.9,75.6,249.4,80.2,1410.0,30.8,0.75,4513.0,0
8.6,23.3,78.9,84.0,1259.0,22.2,0.95,743.0,0
21.0,64.1,131.3,54.1,1399.0,16.9,0.65,860.0,0
25.5,68.2,177.9,62.3,1405.0,39.1,0.74,1672.0,0
20.5,40.7,123.9,48.8,1769.0,38.7,0.79,72.0,1
14.0,31.2,107.0,70.3,1767.0,3.0,0.34,732.0,0
10.2,21.2,37.3,67.3,1642.0,28.2,0.14,1142.0,0
19.9,61.3,239.3,99.8,664.0,17.8,0.1,1852.0,1
15.5,44.4,165.3,76.7,1639.0,19.9,0.42,142.0,0
37.8,103.9,226.0,87.2,757.0,37.8,0.32,421.0,0
63.1,140.1,498.3,60.0,641.0,15.3,0.16,685.0,0
47.5,97.8,273.4,89.9,2818.0,42.6,0.26,171.0,0
26.2,74.8,198.6,76.9,1933.0,9.7,0.21,550.0,0
14.4,35.6,81.4,81.8,2081.0,30.5,0.92,179.0,1
46.7,98.7,291.5,57.7,1385.0,30.9,0.23,243.0,0
39.4,105.0,349.1,72.9,2754.0,12.8,0.58,350.0,0
60.2,111.7,282.3,78.0,2022.0,16.0,0.63,452.0,0
29.0,65.5,201.3,75.3,2377.0,37.9,0.59,358.0,0
75.9,186.5,605.8,94.9,1295.0,34.8,0.19,408.0,1
29.0,58.3,191.0,93.9,2892.0,16.2,0.39,213.0,0
14.4,45.7,74.5,98.3,2515.0,25.0,0.15,104.0,0
16.8,35.1,127.9,80.0,2606.0,4.7,0.46,29.0,0
36.6,72.5,191.7,98.3,765.0,11.0,0.27,131.0,0
15.5,32.2,69.5,89.9,1032.0,22.9,0.61,523.0,1
75.6,217.5,457.6,56.2,1071.0,5.7,0.72,925.0,1
34.4,82.5,223.4,65.6,1031.0,38.3,0.58,111.0,1
25.7,66.7,248.0,54.3,2610.0,32.9,0.49,69.0,0
27.4,50.1,122.6,40.3,386.0,42.6,0.45,830.0,0
20.3,37.6,126.8,51.3,505.0,31.8,0.86,218.0,1
4.6,11.2,19.5,40.2,1040.0,42.4,0.3,1816.0,0
16.8,49.3,132.7,83.2,840.0,25.8,0.76,752.0,0
69.5,211.4,841.1,65.5,926.0,27.8,0.78,237.0,1
29.6,56.9,194.9,58.8,2454.0,44.0,0.48,205.0,0
51.3,130.9,265.2,85.7,1820.0,29.6,0.37,445.0,0
52.2,160.8,442.9,89.9,316.0,3.3,0.52,49.0,0
24.3,56.8,118.5,98.5,1459.0,33.1,0.18,75.0,0
39.9,118.1,298.1,78.5,1401.0,40.9,0.14,116.0,0
5.2,10.4,35.7,67.7,608.0,36.2,0.2,894.0,0
65.9,204.9,702.3,58.3,2126.0,27.1,0.27,433.0,0
62.4,177.9,368.3,53.3,2196.0,30.9,0.55,20.0,1
35.8,111.7,425.2,52.8,2246.0,44.6,0.86,672.0,1
30.4,83.5,249.0,64.6,2267.0,5.9,0.31,331.0,0
24.5,56.6,138.6,99.5,300.0,30.7,0.94,429.0,0
55.3,172.1,474.1,40.1,2876.0,14.2,0.96,145.0,1
43.1,94.2,283.9,51.8,2498.0,29.5,0.96,481.0,1
18.6,42.2,122.3,51.3,2741.0,28.1,0.85,2322.0,1
9.0,25.0,67.8,83.0,342.0,8.6,0.43,46.0,0
7.4,21.2,58.5,61.1,2821.0,10.9,0.17,200.0,0
54.9,170.2,330.4,67.4,2486.0,28.7,0.61,167.0,1
24.1,50.3,177.6,48.9,2560.0,7.5,0.6,171.0,0
35.4,103.3,295.0,64.3,552.0,13.4,0.86,286.0,0
26.5,75.1,137.4,46.2,2295.0,37.9,1.0,1023.0,0
7.5,14.1,48.2,72.0,2892.0,16.1,0.56,1464.0,0
5.3,12.5,48.0,45.9,2132.0,23.0,0.41,136.0,0
17.6,38.6,149.4,87.4,1841.0,42.5,0.27,470.0,0
18.8,41.9,101.6,74.0,2853.0,11.8,0.1,608.0,1
18.8,59.8,110.0,83.4,1496.0,18.8,0.56,443.0,0
19.3,52.0,145.5,65.1,1918.0,28.1,0.6,342.0,0
90.6,254.2,452.9,62.9,1586.0,34.5,0.84,128.0,1
50.7,160.7,616.2,45.9,2819.0,40.8,0.55,402.0,0
29.9,69.6,136.4,71.4,505.0,41.4,0.92,308.0,1
23.6,69.1,147.3,70.9,1653.0,35.4,0.67,952.0,0
24.3,58.5,147.2,68.1,2155.0,11.8,0.86,865.0,1
42.0,126.9,311.8,84.4,2438.0,3.1,0.23,86.0,0
23.5,48.2,168.0,90.0,1874.0,18.5,0.87,56.0,0
47.3,147.8,390.3,85.0,2754.0,8.1,0.71,1433.0,0
32.3,68.1,131.2,48.6,2843.0,32.5,0.25,460.0,0
91.2,205.7,446.0,77.3,474.0,30.4,0.27,1170.0,0
22.4,64.0,177.5,44.8,1386.0,3.9,0.93,36.0,0
53.2,125.1,233.7,81.7,363.0,38.0,0.13,449.0,1
9.8,25.9,78.6,62.9,1189.0,12.7,0.52,465.0,0
14.8,35.8,104.2,47.9,1750.0,20.6,0.38,1183.0,0
83.4,236.8,778.3,91.7,2759.0,30.7,0.7,62.0,0
45.9,97.3,374.2,76.8,2586.0,20.5,0.86,165.0,1
35.9,67.5,255.3,61.3,644.0,21.0,0.42,313.0,0
106.4,236.2,912.9,41.8,551.0,4.8,0.48,1205.0,0
23.9,58.9,124.4,72.2,1891.0,19.3,0.98,1677.0,0
53.1,108.1,197.7,95.4,1737.0,34.9,0.81,2954.0,0
55.8,128.0,288.8,75.8,1019.0,41.4,0.91,1919.0,1
71.8,169.6,633.8,98.3,2729.0,19.8,0.49,20.0,1
8.7,16.4,64.5,48.2,2804.0,20.2,0.31,29.0,0
23.8,62.2,227.0,74.1,1387.0,32.2,0.47,96.0,0
31.9,97.0,172.1,87.9,2704.0,42.5,0.74,257.0,1
71.1,143.0,553.4,71.5,1337.0,13.5,0.2,1063.0,0
34.9,91.9,235.1,45.5,2289.0,20.9,0.34,1339.0,0
55.8,152.5,232.2,75.0,1585.0,36.2,0.14,124.0,0
8.0,19.0,49.6,76.7,631.0,28.2,0.49,580.0,0
19.7,54.7,88.4,83.7,2805.0,6.8,0.84,1496.0,0
62.2,147.8,422.6,85.7,1526.0,29.0,0.12,374.0,0
21.8,54.6,128.2,86.2,2283.0,10.0,0.71,66.0,0
25.3,45.8,122.9,79.8,1291.0,23.9,0.94,367.0,0
70.3,194.7,590.6,52.9,351.0,24.8,0.31,283.0,0
11.9,32.5,119.4,64.3,571.0,39.7,0.72,517.0,0
14.6,27.0,85.1,86.6,1640.0,21.9,0.98,346.0,0
7.1,16.5,42.7,97.2,2163.0,14.0,0.97,20.0,0
72.2,228.9,812.2,44.7,1204.0,11.9,0.31,3069.0,0
50.1,119.7,450.5,72.1,2178.0,39.6,0.19,471.0,0
49.2,123.2,221.7,58.8,2186.0,9.4,0.23,385.0,1
19.2,59.1,167.2,53.5,2201.0,20.3,0.73,1856.0,0
6.6,18.5,40.9,70.3,1630.0,10.0,0.75,102.0,1
4.8,12.4,20.1,76.4,2770.0,35.3,0.71,126.0,1
62.5,182.4,578.4,40.6,1621.0,22.4,0.4,990.0,0
37.6,113.1,413.8,86.8,1516.0,17.1,0.25,181.0,0
42.8,104.3,199.0,89.2,838.0,17.5,0.62,963.0,0
30.9,76.1,268.5,97.9,1131.0,38.6,0.54,190.0,1
13.1,30.6,111.0,50.8,414.0,25.8,0.76,20.0,0
19.9,62.9,238.2,75.7,2011.0,32.9,0.5,437.0,0
10.3,28.7,62.0,65.6,971.0,40.6,0.4,131.0,0
9.1,17.5,65.9,60.1,1121.0,40.8,0.36,851.0,0
47.3,142.4,327.7,73.9,2381.0,16.1,0.29,615.0,0
5.3,13.0,37.4,86.9,1183.0,43.0,0.34,1543.0,0
10.4,19.7,32.0,41.4,954.0,3.1,0.19,917.0,0
20.9,53.7,86.4,98.2,756.0,18.2,0.41,120.0,0
27.1,64.6,213.2,88.6,2392.0,40.5,0.13,966.0,0
7.0,21.3,55.7,85.1,650.0,13.8,0.27,616.0,0
34.5,72.0,154.2,85.6,1525.0,13.7,0.77,663.0,0
29.6,87.5,172.9,63.3,1669.0,15.0,0.39,1071.0,0
61.8,159.5,506.5,85.1,2156.0,28.3,0.7,512.0,0
27.4,51.5,77.3,63.2,2010.0,20.8,0.75,376.0,0
37.1,117.1,411.7,93.9,2489.0,33.2,0.62,607.0,0
13.7,34.5,58.7,50.6,421.0,40.5,0.96,212.0,1
14.2,31.4,62.2,57.5,1100.0,31.0,0.12,121.0,0
7.8,19.2,47.4,73.1,1056.0,10.8,0.76,575.0,0
13.8,41.5,112.6,59.2,694.0,42.1,0.96,160.0,1
19.7,43.9,104.8,65.5,1081.0,13.4,0.88,50.0,0
57.8,119.6,275.3,69.5,1136.0,8.4,0.25,20.0,0
12.1,23.9,93.4,91.4,1709.0,5.9,0.39,562.0,0
93.8,207.9,645.5,71.4,2092.0,26.2,0.26,270.0,0
39.4,113.9,177.6,61.7,1329.0,6.9,0.64,837.0,0
33.9,83.4,214.8,54.9,2243.0,8.0,0.74,282.0,0
25.9,54.8,202.0,64.5,1208.0,14.9,0.39,399.0,0
22.3,45.2,102.0,70.9,1084.0,14.1,0.59,314.0,0
15.7,35.5,61.7,84.8,1761.0,28.0,0.72,631.0,0
6.7,21.0,71.4,47.3,364.0,37.1,0.48,264.0,0
12.4,28.4,85.5,53.3,515.0,34.7,0.87,1991.0,0
72.1,229.4,671.2,62.8,1429.0,13.3,0.79,1651.0,1
37.7,93.5,152.8,61.6,2846.0,12.5,0.16,1130.0,0
71.7,146.9,272.0,63.5,2248.0,43.5,0.66,1518.0,1
15.3,46.8,142.9,87.6,538.0,2.4,0.31,358.0,0
10.0,24.6,49.6,59.4,2585.0,39.8,0.6,461.0,0
25.7,71.7,197.9,70.1,2277.0,10.6,0.96,813.0,1
12.9,40.9,116.9,77.4,1950.0,42.7,0.89,715.0,1
29.8,55.7,123.1,53.9,2515.0,16.7,0.46,1328.0,0
5.4,10.4,40.1,83.1,1391.0,20.9,0.36,756.0,0
2.9,8.0,28.9,72.8,898.0,32.4,0.31,3695.0,0
33.0,72.3,239.2,66.8,1682.0,27.3,0.58,257.0,1
73.4,151.0,256.0,88.6,1782.0,15.7,0.2,1074.0,1
34.0,63.1,111.4,54.6,1753.0,25.8,0.59,718.0,0
37.4,68.5,187.3,93.0,1826.0,33.4,0.1,705.0,0
26.5,76.4,145.4,73.7,2862.0,3.8,0.39,237.0,0
28.4,56.5,223.0,76.6,2736.0,2.5,0.3,924.0,0
6.4,15.7,29.8,92.5,2664.0,21.7,0.97,1384.0,0
13.3,35.2,95.7,89.1,2464.0,7.7,0.75,148.0,0
57.4,137.7,331.9,76.1,2847.0,30.6,0.41,589.0,1
19.4,35.6,110.3,85.2,566.0,11.2,0.18,299.0,0
56.6,164.0,298.9,66.0,1016.0,20.6,0.57,2737.0,0
27.8,50.5,130.2,72.8,1637.0,10.5,0.29,391.0,0
28.9,82.9,181.2,43.7,2586.0,25.6,0.58,156.0,0
19.5,59.4,221.0,45.4,1664.0,7.0,0.85,289.0,0
41.4,99.5,159.4,89.8,2320.0,3.0,0.65,637.0,0
48.5,123.6,467.8,43.6,675.0,4.2,0.67,47.0,0
12.7,31.2,111.9,50.2,982.0,43.0,0.59,555.0,0
7.1,16.6,37.2,87.7,2276.0,8.1,0.93,1606.0,1
3.6,11.1,38.4,40.1,745.0,32.5,0.94,1140.0,0
36.2,110.4,174.2,56.9,1249.0,4.9,0.56,42.0,0
33.3,75.6,296.2,75.0,1015.0,6.7,0.38,3011.0,0
111.0,295.4,832.1,75.7,1245.0,23.9,0.51,720.0,1
26.6,82.5,186.2,86.6,2212.0,22.0,0.27,106.0,0
23.1,72.8,175.2,70.4,1293.0,42.9,0.67,20.0,1
30.5,76.7,127.9,70.6,1799.0,42.6,0.55,113.0,0
31.8,77.3,307.2,83.5,570.0,35.5,0.19,1093.0,0
21.8,47.7,76.2,69.9,2474.0,27.9,0.28,20.0,0
13.0,41.0,128.5,76.5,1299.0,21.6,0.53,159.0,1
25.5,51.1,133.2,93.9,2051.0,17.3,0.9,850.0,0
24.8,64.8,251.1,64.1,2259.0,42.7,0.61,529.0,0
24.5,53.8,113.9,63.1,866.0,27.9,0.71,916.0,1
44.4,97.3,275.4,40.2,2689.0,26.9,0.41,823.0,0
25.2,59.6,161.4,76.8,1964.0,12.0,0.61,31.0,0
7.2,23.1,75.3,41.8,1458.0,4.0,0.5,1338.0,0
15.0,28.1,46.9,70.2,792.0,42.6,0.69,155.0,1
21.6,56.2,111.6,88.3,2844.0,15.5,0.15,484.0,0
26.1,50.0,101.9,73.0,2339.0,21.0,0.54,620.0,1
36.7,74.0,247.7,56.2,862.0,6.9,0.37,111.0,0
26.3,63.5,125.2,87.2,1212.0,38.0,0.39,2244.0,0
2.9,7.4,21.7,56.2,2486.0,3.2,0.96,402.0,0
8.1,17.6,35.8,84.0,2178.0,37.9,0.26,36.0,0
38.5,86.4,315.6,76.6,2368.0,8.0,0.38,1661.0,0
21.1,40.5,156.3,50.2,1491.0,40.1,0.56,530.0,0
28.0,62.3,174.1,94.3,2234.0,33.4,0.88,721.0,1
19.0,60.0,142.8,52.0,1344.0,9.1,0.48,447.0,0
14.9,46.5,97.0,99.4,870.0,26.3,0.77,1080.0,0
19.6,44.4,72.2,40.4,2008.0,15.4,0.87,20.0,0
28.2,73.4,159.4,55.8,2935.0,9.7,0.38,187.0,0
25.1,77.0,241.5,52.0,1139.0,38.9,0.45,381.0,0
48.3,87.3,247.4,40.8,1545.0,19.4,0.42,48.0,1
5.9,17.2,66.4,83.9,2120.0,19.1,0.85,734.0,0
6.8,21.2,52.8,81.6,1762.0,9.3,0.14,300.0,0
20.9,40.3,130.3,87.5,2577.0,18.5,0.38,191.0,0
37.0,75.0,204.3,55.4,2357.0,39.5,0.71,20.0,1
42.8,134.5,374.1,66.7,457.0,17.6,0.61,763.0,0
15.4,39.3,85.4,79.5,2996.0,42.9,0.49,1077.0,0
0.9,1.6,4.4,66.4,2331.0,42.7,0.59,302.0,0
15.8,34.2,91.6,81.8,2633.0,8.2,0.28,498.0,0
33.4,81.1,265.0,78.0,2058.0,9.6,0.49,155.0,0
24.7,68.4,263.6,46.9,2612.0,39.1,0.55,584.0,0
38.0,107.3,249.4,86.9,603.0,18.9,0.91,20.0,1
56.1,179.1,287.5,83.2,1239.0,2.2,0.33,402.0,0
22.1,48.6,133.1,79.4,2666.0,13.8,0.88,620.0,0
17.4,44.3,126.8,49.3,844.0,27.7,0.68,1502.0,0
11.5,29.2,56.2,56.1,511.0,36.4,0.12,288.0,1
6.7,15.9,54.2,63.6,2428.0,7.7,0.75,869.0,0
5.0,10.1,40.1,56.8,2556.0,6.8,0.13,546.0,0
14.2,44.8,173.3,53.7,739.0,41.6,1.0,1570.0,1
51.0,152.8,304.5,88.3,2607.0,34.3,0.89,305.0,1
40.6,101.3,373.7,78.3,2154.0,27.4,0.37,231.0,0
16.7,44.1,144.0,73.9,1704.0,35.1,0.33,1309.0,0
94.4,199.9,526.6,53.6,2542.0,20.4,0.44,30.0,1
15.0,38.4,109.6,95.1,1432.0,34.6,0.42,88.0,0
59.6,165.4,599.2,51.5,824.0,18.0,0.44,52.0,0
69.1,174.1,470.2,87.7,1069.0,12.5,0.39,1111.0,0
35.0,111.5,271.4,98.0,1664.0,33.3,0.66,20.0,1
14.0,37.3,101.9,83.6,1735.0,20.0,0.25,1187.0,0
18.6,43.1,127.0,99.6,2475.0,44.2,0.86,360.0,1
28.7,82.8,163.4,79.1,2437.0,17.0,0.83,20.0,1
6.9,14.1,53.0,53.0,1870.0,41.6,0.53,308.0,0
10.5,24.6,78.3,52.2,2408.0,42.1,0.87,124.0,0
9.7,22.2,68.5,59.5,818.0,12.4,0.32,588.0,0
36.9,88.7,155.2,40.4,435.0,36.3,0.12,682.0,0
55.7,161.2,485.4,80.9,2659.0,20.6,0.66,401.0,0
41.7,103.2,186.1,56.1,504.0,41.5,0.51,25.0,1
49.7,144.6,245.4,88.9,966.0,21.4,0.61,640.0,1
13.0,33.9,95.7,61.6,2177.0,34.0,0.91,1107.0,0
19.3,43.9,110.0,68.8,1406.0,22.1,0.97,764.0,0
20.5,60.0,178.3,97.9,2666.0,11.8,0.67,1063.0,0
34.9,74.5,128.3,54.5,1105.0,10.6,0.79,134.0,0
14.5,30.6,79.0,83.3,332.0,20.3,0.18,1318.0,0
47.6,119.3,231.2,85.3,1112.0,34.5,0.24,233.0,0
67.8,146.8,582.6,53.3,1861.0,28.0,0.76,20.0,1
36.2,65.6,190.4,70.1,1315.0,31.6,0.49,1112.0,0
18.6,50.3,161.9,61.0,1744.0,14.1,0.5,1707.0,0
12.0,30.2,69.9,86.3,2667.0,22.7,0.38,639.0,0
9.7,23.6,41.0,77.3,2764.0,3.9,0.65,158.0,0
3.0,9.4,37.1,68.6,1018.0,37.2,0.27,174.0,0
21.0,54.5,120.7,86.8,1548.0,44.6,0.66,377.0,0
20.0,60.2,154.1,54.1,1783.0,19.5,0.26,1369.0,0
45.6,91.1,284.5,85.2,2863.0,2.5,0.16,97.0,0
15.3,39.8,62.1,91.9,2996.0,9.3,0.4,1049.0,0
21.9,66.0,232.8,92.7,936.0,30.1,0.31,207.0,0
30.9,80.8,229.6,87.0,2263.0,28.3,0.9,992.0,1
35.8,100.3,220.3,64.5,1321.0,35.9,0.15,1517.0,0
42.1,97.7,161.6,98.9,322.0,12.9,0.26,335.0,1
28.7,55.3,105.5,62.8,325.0,34.8,0.59,273.0,0
7.4,18.0,67.1,78.3,1544.0,31.6,0.53,972.0,0
33.6,79.0,253.9,49.7,1619.0,15.9,0.14,452.0,0
14.4,43.4,92.1,98.8,361.0,25.5,0.11,692.0,0
57.5,123.1,204.8,82.2,2155.0,8.3,0.99,585.0,1
25.4,80.1,258.6,85.2,1094.0,21.5,0.69,100.0,0
30.0,94.1,275.8,43.9,1812.0,39.9,0.43,1118.0,0
116.8,250.7,629.7,85.8,1112.0,20.1,0.52,131.0,1
42.6,97.5,234.8,86.5,751.0,38.1,0.34,1615.0,0
33.1,101.2,206.6,80.3,1399.0,27.4,0.41,173.0,0
22.4,70.7,224.3,57.5,927.0,10.3,0.68,794.0,0
8.0,19.4,76.0,69.4,1744.0,27.0,0.89,201.0,1
21.2,47.6,92.3,46.6,837.0,23.8,0.27,229.0,0
11.9,30.1,90.2,68.3,1673.0,19.1,0.86,223.0,0
73.3,202.5,518.4,54.6,725.0,7.1,0.21,827.0,0
33.4,73.0,191.1,60.9,2112.0,19.9,0.29,488.0,0
56.1,158.7,339.0,49.8,2336.0,5.1,0.13,1287.0,0
15.0,28.0,99.7,53.8,598.0,6.2,0.23,220.0,0
12.7,23.7,64.3,44.6,1563.0,19.9,0.93,707.0,0
39.8,93.1,266.1,95.2,491.0,15.1,0.51,839.0,0
11.5,26.3,59.4,71.8,1915.0,41.8,0.17,99.0,0
17.4,39.1,76.5,63.8,1014.0,18.2,0.96,307.0,1
75.6,188.0,322.3,72.1,1725.0,34.6,0.89,396.0,1
18.0,40.6,133.2,77.7,1697.0,24.8,0.78,264.0,0
6.4,13.2,26.2,95.3,2796.0,32.3,0.94,233.0,1
4.1,9.1,29.2,50.7,1783.0,13.2,0.3,696.0,0
5.6,17.6,43.6,57.7,1874.0,42.5,0.85,146.0,1
58.3,138.5,351.6,98.5,1384.0,24.8,0.72,741.0,0
15.8,38.2,102.1,62.3,2863.0,37.7,0.88,1640.0,1
114.5,298.4,722.0,41.4,2398.0,17.7,0.82,500.0,1
68.3,217.1,380.2,48.9,1071.0,6.3,0.41,567.0,0
87.4,187.0,425.2,41.6,2579.0,31.0,0.8,43.0,1
50.5,139.2,439.7,99.4,1467.0,2.3,0.34,1199.0,0
38.3,107.4,339.8,56.7,2537.0,22.4,0.4,202.0,0
12.3,32.5,72.0,95.4,2522.0,10.3,0.2,573.0,0
24.9,48.0,127.1,99.8,810.0,29.0,0.94,2321.0,0
41.1,112.8,223.8,76.0,2193.0,44.1,0.36,543.0,1
48.4,91.5,185.4,42.0,1085.0,22.0,0.57,774.0,0
8.8,23.1,36.0,44.9,1103.0,37.2,0.45,354.0,0
21.4,60.8,227.4,68.9,1100.0,23.8,0.96,37.0,0
23.4,49.1,99.5,64.4,2259.0,23.3,0.4,959.0,0
22.7,67.7,140.0,76.4,921.0,42.0,0.8,21.0,1
9.9,18.3,40.3,66.3,302.0,40.3,0.87,724.0,1
80.8,241.0,438.3,96.0,2231.0,35.8,0.49,20.0,1
20.9,51.0,158.0,72.1,762.0,14.7,0.44,1190.0,0
10.6,22.4,37.8,81.6,582.0,25.4,0.77,103.0,0
82.1,163.2,299.6,93.8,941.0,11.6,0.92,433.0,1
68.4,214.3,667.0,48.8,1326.0,21.1,0.78,546.0,1
27.8,52.9,124.3,53.8,1585.0,22.8,0.3,367.0,0
17.0,35.4,115.7,46.4,420.0,37.8,0.9,250.0,0
5.1,11.6,33.7,48.4,2921.0,40.5,0.45,378.0,0
36.3,96.9,207.4,70.8,2233.0,19.8,0.62,224.0,0
16.0,41.1,128.5,59.3,1173.0,2.8,0.85,346.0,0
24.5,48.4,86.6,65.4,1160.0,39.1,0.27,267.0,0
77.4,170.8,485.1,98.9,1511.0,9.5,0.81,501.0,0
15.1,32.1,83.3,49.4,1991.0,28.7,0.64,163.0,0
35.2,73.9,160.4,72.4,695.0,3.1,0.9,2687.0,0
43.0,102.1,307.2,45.9,810.0,19.2,0.25,417.0,0
57.1,159.0,584.9,59.1,2620.0,44.4,0.48,130.0,0
23.1,48.6,194.4,71.7,992.0,6.3,0.85,389.0,0
21.3,49.2,148.5,96.8,1327.0,20.2,0.12,1208.0,0
20.9,49.0,123.0,63.5,2652.0,15.2,0.2,20.0,0
32.8,103.9,214.4,43.9,2090.0,40.9,0.99,683.0,1
66.5,208.5,446.8,63.3,1223.0,39.4,0.35,476.0,1
20.1,58.7,158.5,48.7,2146.0,12.2,0.98,111.0,0
1.3,2.8,6.8,53.8,353.0,5.5,0.26,1021.0,0
46.3,87.8,332.3,77.1,2286.0,29.0,0.42,276.0,0
26.3,59.1,143.0,44.0,1615.0,16.5,0.78,209.0,0
36.4,79.1,192.4,67.9,2496.0,30.9,0.69,1057.0,0
5.3,13.3,32.7,76.6,2878.0,3.4,0.62,611.0,0
16.1,46.5,166.9,65.3,2800.0,7.7,0.58,1371.0,0
43.8,131.3,410.6,41.1,2755.0,31.5,0.86,596.0,0
7.7,23.1,70.0,99.1,1683.0,11.1,0.31,810.0,0
35.2,81.0,189.2,62.0,1272.0,38.9,0.5,1086.0,0
24.3,67.2,238.1,86.7,1556.0,4.5,0.24,34.0,0
13.3,29.8,47.5,59.5,2163.0,11.3,0.64,898.0,0
12.4,23.3,85.7,68.5,2687.0,44.9,0.33,571.0,0
10.0,27.9,77.7,63.3,859.0,20.6,0.4,43.0,0
26.2,47.5,118.7,60.6,2779.0,32.2,0.52,426.0,0
28.6,67.8,186.0,41.3,2501.0,9.9,0.12,52.0,0
18.5,41.9,132.9,61.6,2943.0,28.2,0.18,799.0,0
9.5,26.2,40.1,93.4,2677.0,33.2,0.72,474.0,0
34.4,98.9,364.0,81.4,1056.0,15.5,0.49,1842.0,0
46.9,104.4,273.2,48.7,586.0,37.6,0.88,121.0,1
39.0,114.5,270.0,75.5,603.0,27.9,0.73,559.0,1
89.8,198.5,366.4,93.5,1086.0,18.7,0.11,143.0,0
21.6,52.4,136.3,82.0,1958.0,26.0,0.66,571.0,0
62.2,175.3,480.3,48.9,2472.0,26.8,0.18,769.0,0
14.5,40.1,100.5,92.1,2728.0,9.1,0.8,769.0,0
12.5,39.8,127.1,58.1,1984.0,19.3,0.99,1013.0,0
27.5,58.1,148.2,67.2,315.0,16.8,0.58,1153.0,0
71.5,195.0,761.2,71.6,803.0,19.2,0.71,48.0,1
19.8,52.4,157.2,91.0,569.0,34.7,0.31,252.0,0
5.3,16.3,57.5,95.9,1281.0,22.7,0.49,697.0,0
46.3,93.5,165.8,95.8,1654.0,42.4,0.87,414.0,1
23.5,67.1,167.3,40.5,417.0,14.6,0.25,127.0,0
31.2,81.1,189.9,95.3,1241.0,19.9,0.34,483.0,0
13.1,28.6,83.6,43.3,784.0,35.8,0.5,314.0,0
27.3,67.2,245.4,55.9,2047.0,25.5,0.74,297.0,1
6.2,14.1,23.9,70.9,1554.0,25.5,0.44,996.0,0
81.7,213.2,358.5,68.8,1637.0,4.3,0.93,314.0,1
52.3,159.2,577.2,76.3,1455.0,19.1,0.19,20.0,0
26.3,68.4,139.0,68.8,2881.0,13.6,0.43,36.0,0
45.4,121.9,386.7,96.1,880.0,45.0,0.74,1164.0,0
14.5,36.6,104.6,54.4,1695.0,15.3,0.3,1940.0,1
50.7,94.9,340.1,56.4,2287.0,40.0,0.69,700.0,0
19.1,40.5,73.5,95.2,1803.0,31.1,0.25,272.0,0
18.0,44.7,81.6,44.6,2808.0,16.7,0.15,1674.0,0
10.7,23.9,69.1,76.6,1321.0,25.4,0.21,652.0,0
34.1,70.1,271.1,80.9,1552.0,38.1,0.94,1116.0,1
25.5,63.8,162.0,70.3,539.0,40.0,0.6,871.0,0
63.5,143.1,331.5,81.7,1944.0,8.9,0.82,286.0,0
9.6,20.7,62.3,50.4,1078.0,16.6,0.4,391.0,0
34.2,83.9,321.0,91.2,733.0,16.4,0.63,124.0,0
55.8,110.8,398.0,48.4,1770.0,3.8,0.55,207.0,0
29.0,89.7,357.9,64.0,1737.0,27.7,0.95,903.0,0
18.8,56.6,88.1,44.5,505.0,38.8,0.77,1346.0,0
28.4,79.3,141.3,72.7,2185.0,18.4,0.76,773.0,0
60.2,117.3,354.6,80.2,1984.0,33.8,0.14,375.0,0
60.2,173.6,616.7,96.5,810.0,29.0,0.59,54.0,0
22.8,66.8,147.8,84.4,1567.0,18.2,0.52,35.0,0
59.5,171.0,358.7,72.5,2245.0,8.1,0.94,281.0,1
24.6,48.1,166.9,96.0,1729.0,32.5,0.33,374.0,0
45.1,121.7,199.8,68.7,1368.0,38.7,0.34,564.0,0
37.2,110.3,267.2,73.7,1170.0,31.5,0.47,20.0,1
18.2,47.4,130.9,75.8,1948.0,2.8,0.32,2747.0,0
11.1,29.9,86.7,64.6,2836.0,11.3,0.22,271.0,0
56.8,138.6,460.3,90.3,2114.0,5.0,0.87,1131.0,0
67.5,171.6,409.6,51.1,502.0,26.5,0.6,459.0,1
33.7,62.2,188.6,73.3,1544.0,34.5,0.88,84.0,1
24.5,66.1,195.9,83.3,2705.0,6.8,0.85,958.0,0
8.4,16.1,46.2,94.2,555.0,38.0,0.35,742.0,0
55.8,134.4,416.7,93.0,2970.0,25.9,0.59,450.0,0
30.9,68.3,146.7,70.5,2862.0,31.7,0.17,434.0,0
20.3,52.1,89.1,78.6,511.0,43.8,0.92,55.0,0
46.0,91.3,164.2,63.7,2820.0,5.6,0.46,640.0,0
6.9,19.2,39.6,68.1,1280.0,40.8,0.45,1453.0,0
10.2,29.7,81.7,94.4,2581.0,7.4,0.37,59.0,0
14.0,28.5,102.6,95.8,1430.0,18.9,0.51,184.0,0
36.3,70.7,230.0,93.7,1490.0,38.6,0.33,1396.0,0
28.6,57.4,199.3,48.3,2012.0,41.0,0.44,201.0,0
39.4,119.3,283.7,91.0,2391.0,23.8,0.82,637.0,1
53.2,135.2,339.5,96.9,391.0,27.5,0.85,459.0,1
40.4,99.2,246.4,61.7,1902.0,32.5,0.37,544.0,0
82.8,161.4,319.5,71.1,804.0,37.8,0.52,322.0,1
53.2,144.0,238.0,86.7,1234.0,7.2,0.89,214.0,0
22.7,68.6,204.1,73.7,1240.0,36.8,0.15,30.0,0
16.0,47.4,188.1,99.6,1566.0,22.7,0.9,818.0,0
23.3,62.3,119.5,67.3,1202.0,21.4,0.3,822.0,0
41.4,78.9,127.6,82.8,590.0,20.2,0.71,667.0,0
17.5,34.2,118.0,87.6,693.0,23.9,0.62,619.0,0
42.2,78.9,168.2,69.6,390.0,42.6,0.6,168.0,1
38.9,84.1,300.5,91.4,1570.0,25.6,0.87,20.0,1
10.9,21.7,70.8,72.8,2877.0,43.0,0.19,992.0,0
52.5,113.6,438.8,64.7,612.0,9.8,0.41,405.0,0
32.8,76.7,193.6,46.5,2855.0,33.1,0.58,220.0,0
80.2,250.1,789.1,63.6,2280.0,36.9,0.83,65.0,1
24.6,65.4,174.0,84.0,2021.0,31.2,0.29,39.0,0
19.6,58.1,178.8,95.3,2042.0,28.1,0.82,257.0,1
9.6,26.9,70.7,55.1,2532.0,26.3,0.46,980.0,0
9.5,18.6,36.7,61.3,589.0,39.0,0.27,1506.0,0
48.3,136.7,378.5,49.2,1663.0,37.3,0.78,1362.0,1
74.9,163.7,461.8,81.4,2182.0,7.3,0.18,1515.0,0
23.0,62.1,218.9,97.6,1884.0,38.5,0.56,1430.0,0
21.9,49.8,166.3,78.5,2549.0,19.8,0.16,449.0,0
26.4,84.3,266.5,77.0,495.0,12.9,0.42,149.0,0
54.9,119.1,212.5,73.2,2165.0,39.4,0.64,960.0,1
11.0,24.1,79.6,45.3,1742.0,20.6,0.6,144.0,0
29.9,92.8,255.3,83.8,1324.0,36.8,0.46,187.0,0
49.0,90.0,336.0,76.1,1219.0,13.3,0.49,159.0,0
36.0,99.9,379.8,79.7,1976.0,2.2,0.3,434.0,0
0.7,1.9,3.2,93.9,2706.0,23.3,0.51,233.0,1
40.6,120.5,428.0,87.0,1640.0,6.3,0.96,100.0,1
36.3,114.7,182.9,86.9,2527.0,34.4,0.87,362.0,0
62.2,196.8,475.8,95.6,1386.0,13.9,0.23,1242.0,0
71.0,134.3,383.6,99.4,576.0,21.1,0.13,507.0,1
60.1,177.3,331.6,74.9,466.0,5.7,0.94,1264.0,0
26.5,71.6,241.2,46.5,439.0,14.3,0.57,131.0,0
5.0,13.6,20.7,67.5,1326.0,35.6,0.58,110.0,0
21.7,43.1,82.7,87.3,1211.0,8.5,0.8,514.0,0
25.9,70.1,206.8,41.7,2238.0,29.8,0.38,373.0,0
74.3,235.9,775.1,43.4,2306.0,41.4,0.53,648.0,1
13.2,40.6,154.0,44.0,437.0,31.2,0.97,950.0,0
7.2,17.3,56.4,83.9,897.0,36.9,0.7,835.0,0
17.6,32.6,103.7,70.1,1041.0,6.7,0.24,1711.0,0
13.8,31.9,79.4,62.1,1779.0,12.8,0.22,305.0,0
6.5,19.1,28.7,46.3,690.0,40.5,0.28,139.0,0
23.4,65.2,117.3,83.9,662.0,32.7,0.79,480.0,1
26.6,65.1,184.5,59.3,2848.0,29.5,0.37,70.0,0
6.1,11.4,36.3,55.9,2471.0,30.5,0.12,205.0,0
19.5,46.7,118.8,79.1,788.0,19.8,0.95,140.0,1
13.1,32.1,106.9,73.5,1398.0,3.9,0.25,303.0,0
27.3,84.6,237.3,61.7,1260.0,35.7,0.11,71.0,0
29.4,79.2,133.5,78.5,2436.0,31.2,0.31,20.0,0
13.1,29.3,57.9,56.3,1678.0,22.3,0.31,642.0,0
52.2,132.3,476.1,87.7,645.0,40.7,0.48,565.0,1
25.4,48.1,159.3,53.8,2295.0,16.5,0.93,739.0,0
13.6,43.1,161.1,49.5,1372.0,14.7,0.89,648.0,0
5.7,13.0,23.4,86.9,1010.0,39.5,0.51,73.0,1
30.5,75.4,299.8,82.5,1314.0,36.3,0.47,206.0,0
36.2,83.2,168.3,51.0,1644.0,24.1,0.6,83.0,0
16.8,46.2,70.6,47.0,1226.0,7.6,0.32,1111.0,0
28.0,76.2,304.4,90.3,953.0,11.2,0.15,824.0,0
71.0,199.0,438.2,86.6,1376.0,30.2,0.95,135.0,0
46.7,101.6,322.0,59.6,352.0,18.6,0.27,251.0,0
2.2,4.9,9.6,79.5,2386.0,38.0,0.28,2040.0,0
13.5,26.7,78.7,47.4,762.0,42.8,0.53,541.0,0
22.5,61.3,230.4,70.4,419.0,36.6,0.54,969.0,0
26.5,49.2,113.2,41.1,2065.0,18.2,0.12,184.0,0
28.4,74.9,237.9,63.5,2390.0,35.9,0.23,141.0,0
34.6,104.3,205.5,44.5,2497.0,17.1,0.44,919.0,0
23.1,70.5,215.9,68.5,1632.0,9.2,0.72,695.0,0
25.4,61.6,144.2,65.3,854.0,3.4,0.31,685.0,0
48.4,118.2,239.7,66.7,2291.0,18.6,0.48,483.0,0
31.0,59.1,134.9,42.7,2189.0,40.9,0.6,497.0,1
8.7,24.0,46.7,61.7,965.0,12.3,0.9,798.0,0
27.2,80.1,300.8,85.4,2739.0,10.9,0.39,189.0,0
22.6,48.4,120.7,62.1,582.0,43.7,0.22,261.0,0
3.4,8.1,17.2,82.9,2953.0,3.1,0.54,1232.0,0
28.2,84.0,220.0,62.2,2623.0,35.8,0.77,222.0,0
9.9,30.0,69.1,65.4,2157.0,15.8,0.2,474.0,1
48.9,104.6,351.5,73.8,2835.0,3.6,0.48,728.0,0
34.2,88.0,345.5,97.0,2250.0,41.5,0.12,5000.0,0
8.3,17.1,44.5,46.5,814.0,8.0,0.13,343.0,0
47.4,92.0,336.0,42.0,1494.0,25.7,0.53,335.0,0
62.8,193.2,563.1,76.5,493.0,13.8,0.37,1109.0,0
20.5,60.3,114.2,96.9,1352.0,4.8,0.86,982.0,0
22.5,64.4,207.8,99.4,2302.0,4.1,0.64,788.0,0
44.2,82.6,230.0,69.0,1343.0,7.0,0.51,373.0,0
59.7,178.0,556.6,68.1,1192.0,5.1,0.47,235.0,0
4.6,11.2,41.8,78.7,1907.0,34.7,0.55,563.0,0
9.3,21.1,54.9,73.3,2655.0,22.9,0.14,1254.0,0
17.9,45.8,171.9,78.0,428.0,16.7,0.9,1291.0,0
19.5,37.6,126.9,92.4,1341.0,20.0,1.0,69.0,0
43.3,123.9,337.3,84.8,727.0,41.9,0.26,336.0,0
59.9,156.7,471.5,69.8,2177.0,41.2,0.21,375.0,0
62.9,129.7,300.2,67.7,585.0,32.8,0.23,2280.0,0
4.5,9.3,36.9,78.4,2095.0,40.0,0.69,680.0,0
12.4,25.6,81.0,67.3,1073.0,15.7,0.7,314.0,0
15.2,28.6,46.0,67.5,837.0,18.4,0.86,20.0,0
12.4,32.4,75.2,41.0,2828.0,28.4,0.78,500.0,0
34.1,101.6,310.8,50.4,350.0,28.8,0.5,61.0,1
37.1,67.8,111.2,69.3,1482.0,22.7,0.65,1079.0,0
25.1,46.9,73.2,89.4,358.0,19.2,0.72,838.0,0
23.3,60.7,159.3,56.7,1606.0,44.4,0.56,370.0,0
18.5,54.5,127.1,71.4,1653.0,37.3,0.53,336.0,0
20.3,45.9,119.0,60.7,1168.0,20.7,0.68,1366.0,0
70.5,161.4,348.1,46.3,657.0,33.3,0.6,204.0,0
41.1,108.2,206.9,97.5,1316.0,13.6,0.68,172.0,0
19.1,41.7,134.3,91.3,2115.0,6.3,0.65,1680.0,1
23.0,42.2,117.6,44.7,2412.0,17.2,0.75,994.0,0
34.7,98.2,196.5,83.2,1733.0,19.3,0.68,1031.0,0
8.3,22.1,50.9,60.9,1893.0,2.7,0.57,130.0,0
27.9,72.8,217.0,99.7,842.0,37.0,0.71,93.0,0
39.5,112.1,188.4,58.1,1076.0,17.4,0.5,20.0,0
36.0,98.9,184.7,54.3,737.0,27.0,0.32,162.0,0
12.6,26.4,44.4,74.1,973.0,5.2,0.1,893.0,0
14.8,33.9,119.9,90.1,907.0,9.5,0.6,165.0,0
2.9,5.8,19.5,51.6,1703.0,40.3,0.63,784.0,0
42.5,84.1,284.7,82.6,1819.0,28.2,0.97,174.0,1
90.5,248.6,818.1,43.7,2851.0,42.9,0.43,302.0,1
11.1,33.3,105.6,95.1,828.0,44.9,0.45,2450.0,1
53.0,166.7,448.8,44.9,2033.0,18.0,0.28,168.0,0
85.3,228.7,710.1,94.9,2507.0,14.8,0.16,283.0,0
17.0,35.0,55.9,69.4,1813.0,38.9,0.8,215.0,0
23.0,44.8,136.8,66.9,989.0,44.9,0.32,70.0,0
30.2,88.9,306.1,98.4,1009.0,29.1,0.65,404.0,1
35.2,91.9,252.7,99.4,406.0,36.2,0.72,286.0,1
31.5,83.8,200.7,79.0,1125.0,35.6,0.52,712.0,0
18.2,52.5,115.3,47.6,2310.0,17.3,0.89,1021.0,0
39.1,108.8,338.0,70.4,428.0,26.7,0.5,471.0,0
18.5,54.9,177.5,71.7,892.0,37.8,0.36,20.0,0
33.0,62.1,228.2,70.9,2207.0,31.6,0.91,579.0,1
24.4,69.6,163.9,74.2,2413.0,2.9,0.88,34.0,0
4.0,11.9,40.8,41.1,1529.0,16.5,0.25,575.0,0
58.3,128.2,372.3,82.7,2185.0,8.2,0.12,693.0,0
15.1,40.8,151.4,82.7,1347.0,12.0,0.18,132.0,0
62.2,139.3,392.7,46.9,732.0,40.9,0.36,1027.0,0
51.5,161.9,452.3,74.2,1375.0,3.6,0.98,1452.0,0
29.6,54.6,160.8,74.1,1866.0,11.5,0.6,1006.0,0
36.5,95.4,321.7,80.9,2860.0,15.3,0.44,218.0,0
39.7,80.7,315.7,45.1,486.0,28.5,0.9,530.0,0
21.4,59.8,100.7,77.6,1670.0,25.0,0.51,1478.0,0
22.2,45.4,74.2,56.8,1188.0,11.4,0.38,232.0,0
38.3,81.7,313.9,70.4,1672.0,9.1,0.95,1029.0,0
24.6,61.4,173.4,86.4,365.0,12.2,0.86,20.0,0
18.2,56.1,170.4,82.3,1145.0,23.6,0.86,20.0,0
12.8,26.9,72.7,47.1,2514.0,13.7,0.56,856.0,0
33.7,67.5,117.1,75.5,1796.0,42.7,0.81,860.0,1
14.7,42.1,144.1,98.1,1517.0,21.9,0.26,933.0,0
45.7,114.3,384.9,49.4,1071.0,4.5,0.62,1596.0,0
48.4,148.8,339.2,91.2,1105.0,33.4,0.99,75.0,1
36.3,72.8,165.0,82.2,1334.0,16.1,0.36,158.0,0
41.8,113.1,406.7,86.4,2556.0,30.1,0.81,1404.0,1
36.4,77.4,130.0,56.9,2911.0,14.0,0.54,117.0,0
43.9,88.7,328.4,57.3,1484.0,26.5,0.14,688.0,0
42.6,117.5,251.7,94.4,1362.0,35.2,0.79,454.0,1
32.4,85.4,254.6,61.6,2586.0,41.9,0.25,52.0,0
52.0,148.5,570.2,43.8,1453.0,13.2,0.67,202.0,0
22.0,49.1,156.8,76.0,1790.0,16.4,0.18,441.0,0
13.2,32.0,81.1,47.5,924.0,22.0,0.95,1148.0,0
12.6,29.8,96.0,87.8,2307.0,41.9,0.36,738.0,0
19.5,62.0,146.2,78.5,1736.0,40.8,0.3,584.0,0
3.3,7.4,16.2,92.5,2484.0,5.9,0.22,411.0,0
29.4,65.0,259.3,87.1,2408.0,7.7,0.95,213.0,0
40.1,92.0,310.7,46.7,881.0,23.3,0.74,76.0,0
47.9,124.1,386.2,62.9,2232.0,6.6,0.77,316.0,0
5.0,10.8,25.7,86.5,2460.0,16.9,0.55,20.0,0
12.9,39.9,64.7,65.0,1234.0,8.4,0.53,142.0,0
44.7,97.2,153.3,98.3,766.0,29.3,0.2,340.0,0
21.4,65.5,188.9,84.1,307.0,42.8,0.6,325.0,0
39.4,76.7,261.1,40.9,1517.0,44.9,0.32,27.0,0
7.9,21.4,60.8,92.8,1252.0,18.1,0.98,534.0,0
61.7,189.4,682.1,46.0,1798.0,27.8,0.82,479.0,1
7.3,14.8,23.4,48.4,808.0,38.8,0.47,49.0,0
28.7,90.7,219.1,84.1,2621.0,7.1,0.24,1721.0,0
29.3,71.3,149.2,91.9,996.0,31.7,0.81,63.0,0
16.6,52.0,136.1,72.2,911.0,19.6,0.21,1158.0,0
35.4,97.3,163.5,57.3,1598.0,10.9,0.27,20.0,0
36.1,80.3,311.9,61.1,1647.0,19.3,0.29,1284.0,0
33.4,68.9,141.8,60.6,881.0,5.3,0.6,20.0,0
16.4,36.5,138.7,59.6,1034.0,31.9,0.81,851.0,0
13.8,26.7,68.4,54.6,758.0,12.9,0.38,269.0,0
17.9,35.8,141.9,76.5,2240.0,15.4,0.18,804.0,0
12.2,23.8,68.6,94.0,2379.0,7.2,0.52,308.0,0
53.6,128.2,490.7,58.4,1548.0,39.2,0.77,44.0,1
19.2,55.9,84.5,51.2,2228.0,23.2,0.3,875.0,1
28.1,56.2,189.4,90.3,2287.0,26.6,0.3,44.0,0
44.6,88.5,332.4,84.5,673.0,26.5,0.95,1532.0,1
11.7,31.6,58.4,95.9,2909.0,19.7,0.96,31.0,0
6.9,14.4,25.1,49.9,2517.0,10.3,0.99,392.0,0
12.3,23.7,60.8,48.7,852.0,34.0,0.83,770.0,0
30.4,61.9,237.3,72.5,803.0,7.5,0.27,300.0,0
28.9,89.5,255.7,76.9,639.0,6.5,0.29,147.0,0
33.3,98.4,277.3,68.8,674.0,32.5,0.41,854.0,0
23.1,52.9,98.1,75.9,2320.0,11.0,0.39,920.0,0
1.3,3.5,5.2,50.8,1568.0,15.2,0.96,1536.0,0
22.5,57.4,202.3,68.8,2414.0,22.4,0.81,283.0,1
48.7,133.9,230.2,79.5,2315.0,21.3,0.75,423.0,0
57.4,158.2,487.8,66.0,1932.0,32.5,0.27,271.0,0
26.8,71.7,271.5,80.8,2153.0,28.8,0.92,178.0,1
29.0,63.0,127.5,67.1,350.0,29.7,0.85,834.0,1
38.9,72.2,228.3,60.0,1142.0,32.7,0.25,249.0,0
56.3,137.3,232.9,58.2,2022.0,14.6,0.88,335.0,0
25.0,76.2,229.4,64.7,325.0,15.9,0.35,310.0,0
38.5,100.1,191.2,41.4,389.0,20.8,0.17,748.0,0
15.8,46.8,156.3,80.1,2600.0,15.2,0.69,1499.0,0
8.0,25.6,57.7,90.7,2147.0,44.4,0.69,659.0,0
17.2,34.9,92.8,61.3,1016.0,37.0,0.19,383.0,0
65.0,179.9,539.5,42.8,2157.0,9.1,0.39,906.0,1
39.1,107.3,206.8,99.2,2440.0,2.2,0.99,615.0,0
8.8,27.9,93.6,55.8,1128.0,3.8,0.71,38.0,0
40.4,128.3,289.6,47.6,397.0,12.5,0.76,60.0,0
9.5,26.1,82.4,62.2,2819.0,6.9,0.29,23.0,0
33.0,70.7,134.0,84.3,1232.0,24.9,0.17,366.0,0
11.3,32.9,106.0,57.6,588.0,38.9,0.35,1049.0,0
8.3,16.2,29.5,74.5,1628.0,33.7,0.32,225.0,0
72.2,208.9,535.5,64.9,2375.0,11.3,0.31,291.0,0
19.2,58.9,124.8,47.1,898.0,19.2,0.27,1441.0,0
38.6,90.2,303.9,59.8,1028.0,23.8,0.62,1088.0,0
25.8,69.2,149.2,83.5,955.0,36.8,0.4,656.0,0
10.2,24.5,90.6,76.7,2978.0,38.1,0.84,186.0,1
20.8,50.3,187.4,47.2,833.0,41.1,0.27,75.0,0
10.3,22.9,45.7,49.8,1854.0,23.9,0.52,20.0,0
106.9,306.4,929.8,78.4,2798.0,31.9,0.11,68.0,1
43.5,135.2,232.5,88.8,697.0,6.8,0.53,208.0,0
25.4,79.3,196.5,61.0,2921.0,26.3,0.15,481.0,0
37.2,76.0,249.5,75.7,2858.0,12.7,0.98,40.0,1
41.6,125.7,395.9,50.2,2688.0,20.6,0.81,88.0,1
41.6,118.0,361.2,58.7,879.0,29.3,0.54,120.0,0
40.4,87.1,192.1,41.2,2012.0,13.1,0.18,600.0,0
38.3,72.5,177.4,86.1,2354.0,4.2,0.63,574.0,0
27.0,58.8,103.3,64.1,2962.0,2.4,0.78,480.0,0
68.6,211.1,696.0,89.0,787.0,3.0,0.27,173.0,0
28.3,76.1,210.0,82.5,2368.0,2.4,0.61,278.0,1
26.0,73.0,239.0,89.7,1215.0,6.7,0.83,61.0,0
28.5,61.6,130.7,57.1,774.0,12.3,0.79,154.0,0
30.0,84.3,194.8,51.1,1438.0,11.5,0.82,1368.0,0
5.0,9.3,21.7,98.3,2443.0,44.4,0.89,2338.0,0
12.1,28.2,44.2,83.0,1555.0,15.2,0.94,626.0,0
23.1,61.7,145.2,90.0,1751.0,7.5,0.46,1492.0,0
4.8,9.6,33.6,40.8,2987.0,25.5,0.61,618.0,0
25.4,75.0,280.8,61.3,1378.0,38.9,0.81,20.0,1
29.7,63.3,177.0,84.6,1962.0,31.2,0.73,3440.0,0
7.7,20.8,55.0,44.7,1286.0,14.7,1.0,63.0,0
14.9,35.2,55.5,74.0,1361.0,26.1,0.11,689.0,0
58.9,155.3,574.2,65.7,2178.0,32.7,0.42,175.0,0
37.4,73.0,111.9,41.1,2832.0,33.3,0.35,299.0,1
35.9,65.5,253.1,54.2,1764.0,30.7,0.34,623.0,1
54.2,166.6,453.7,57.1,2375.0,39.4,0.3,344.0,1
12.4,26.9,63.4,46.7,541.0,39.4,0.74,173.0,0
7.7,22.7,86.5,77.9,870.0,26.9,0.18,244.0,0
49.4,158.1,246.7,54.5,1656.0,20.5,0.77,251.0,1
23.6,49.4,145.8,56.7,354.0,29.6,0.72,1921.0,0
12.1,26.2,75.2,93.9,983.0,37.2,0.33,962.0,0
5.0,13.6,28.0,68.0,1697.0,2.2,0.33,368.0,1
28.8,90.6,233.1,63.5,340.0,44.7,0.67,134.0,1
21.5,66.3,207.4,83.4,1014.0,9.9,0.79,1000.0,0
18.7,46.8,155.3,94.6,1688.0,22.2,0.89,103.0,1
2.0,5.7,8.6,41.5,1848.0,39.5,0.87,142.0,1
68.0,135.3,520.0,66.9,2800.0,11.7,0.97,273.0,1
6.3,20.0,38.3,76.6,2042.0,22.5,0.62,1274.0,0
20.2,63.6,132.5,59.1,1420.0,7.7,0.92,85.0,1
17.6,35.7,77.0,86.3,2812.0,19.0,0.83,78.0,0
38.2,84.8,135.2,98.3,2419.0,9.6,0.91,409.0,0
5.1,9.8,17.8,96.6,840.0,17.6,0.11,194.0,0
35.1,76.4,303.2,56.0,653.0,18.1,0.97,505.0,0
28.9,84.9,194.3,53.6,2125.0,44.7,0.53,360.0,0
14.2,33.2,59.4,97.4,1812.0,44.8,0.82,343.0,1
34.2,65.8,116.2,67.5,2432.0,6.9,0.21,71.0,0
25.4,57.8,190.8,52.5,2295.0,33.2,0.46,91.0,0
78.7,249.9,908.9,82.4,1988.0,4.2,0.34,1032.0,0
21.5,57.6,123.4,57.1,2963.0,3.3,0.36,1302.0,0
10.7,25.4,39.5,56.0,1741.0,6.5,0.21,160.0,0
35.3,71.8,147.7,92.8,605.0,43.5,0.83,72.0,1
19.4,61.8,101.4,49.7,2536.0,42.5,0.11,33.0,0
25.0,73.7,129.6,43.9,980.0,10.3,0.38,562.0,0
7.8,17.0,43.9,56.2,2399.0,9.0,0.26,754.0,0
38.6,73.3,152.1,76.4,2884.0,12.3,0.63,280.0,1
17.0,31.9,88.9,47.4,2181.0,24.2,0.33,683.0,0
30.5,60.1,128.2,68.3,1909.0,26.5,0.33,749.0,0
91.7,239.6,922.7,77.6,1543.0,11.5,0.54,1643.0,1
20.5,63.6,239.5,90.9,1284.0,34.5,0.69,40.0,1
42.4,105.7,308.3,53.8,1253.0,15.3,0.21,128.0,1
21.7,64.5,154.0,89.0,2018.0,41.7,0.26,43.0,0
14.4,34.9,85.7,54.1,2328.0,30.2,0.32,1215.0,0
60.3,168.4,425.9,80.6,2132.0,20.8,0.98,944.0,1
3.5,9.8,32.6,65.8,836.0,36.0,0.46,513.0,0
50.0,102.2,268.8,46.9,1634.0,37.2,0.64,52.0,1
3.0,6.8,24.9,82.9,2437.0,14.5,0.32,192.0,0
46.6,125.4,484.0,53.1,1584.0,16.6,0.54,212.0,1
25.3,48.0,112.3,50.6,1749.0,42.2,0.17,494.0,0
10.7,24.7,71.6,61.5,2382.0,9.1,0.13,179.0,1
17.9,45.7,79.4,79.2,2085.0,3.8,0.52,45.0,0
40.8,130.3,260.7,54.0,1405.0,21.5,0.46,787.0,0
86.1,212.2,537.8,51.0,2718.0,36.5,0.22,213.0,0
5.3,15.6,31.4,40.6,739.0,35.2,0.72,361.0,0
11.3,27.2,100.5,68.3,2988.0,41.5,0.99,82.0,1
7.1,20.6,39.1,65.7,621.0,24.9,0.46,973.0,0
21.5,56.7,149.5,54.0,340.0,6.3,0.66,500.0,0
47.4,144.3,434.8,43.2,2703.0,27.3,0.97,1391.0,1
6.1,14.5,46.9,65.8,961.0,35.5,0.85,410.0,1
24.8,65.5,161.1,87.3,2270.0,6.0,0.52,1702.0,0
46.4,124.5,457.1,82.9,2490.0,9.4,0.76,1335.0,0
17.7,42.2,123.3,91.6,2619.0,2.5,0.22,515.0,0
29.1,58.2,151.2,40.6,2977.0,27.5,0.56,1630.0,0
57.4,110.8,184.8,98.0,1094.0,40.1,0.35,234.0,0
9.5,17.3,45.9,60.5,2218.0,30.8,0.25,273.0,0
4.0,12.0,42.4,99.4,612.0,44.2,0.48,28.0,0
31.7,67.6,205.2,55.2,1398.0,4.7,0.22,534.0,0
32.4,67.8,242.8,68.3,2590.0,40.8,0.73,768.0,1
16.7,47.3,129.3,61.2,1293.0,37.0,0.51,891.0,0
14.1,31.6,56.8,61.3,1896.0,15.5,0.58,97.0,0
25.7,64.4,98.8,90.5,1660.0,43.9,0.23,352.0,0
9.3,18.9,42.6,84.8,2044.0,14.4,0.23,117.0,0
9.3,29.3,95.0,99.5,2927.0,40.2,0.63,651.0,1
40.6,121.5,422.2,76.8,450.0,39.9,0.99,103.0,1
8.7,26.2,58.6,67.8,1850.0,34.6,0.19,1407.0,0
4.3,10.1,27.6,45.4,2630.0,26.2,0.36,157.0,0
14.0,40.3,102.8,99.8,1600.0,7.2,0.88,207.0,0
17.0,34.1,86.2,73.1,512.0,24.9,0.17,1142.0,0
35.1,63.5,132.0,82.0,1813.0,17.3,0.89,368.0,0
15.1,27.6,50.9,64.4,1197.0,36.1,0.57,20.0,0
63.9,167.5,333.6,72.9,718.0,34.6,0.47,409.0,0
26.7,65.1,106.6,96.6,2592.0,41.2,0.38,53.0,0
12.4,31.3,62.4,50.0,1708.0,2.6,0.37,2534.0,0
34.0,61.6,93.8,57.5,2820.0,36.8,0.38,532.0,0
63.1,151.0,463.4,49.1,2476.0,42.4,0.9,178.0,1
39.8,111.7,256.0,87.5,2171.0,35.9,0.75,498.0,0
5.7,13.9,54.5,43.7,314.0,7.6,0.7,48.0,0
18.3,51.6,102.5,44.9,1455.0,5.5,0.82,965.0,0
30.2,64.1,151.7,57.9,833.0,2.9,0.33,1557.0,0
38.7,113.7,272.2,70.9,2759.0,29.0,0.66,1245.0,0
21.6,56.7,86.3,64.4,771.0,29.1,0.51,251.0,0
19.3,40.4,145.4,42.7,1072.0,44.4,0.8,237.0,0
78.4,167.0,263.9,97.4,1695.0,19.1,0.38,21.0,0
40.2,107.8,415.1,97.2,1011.0,16.3,0.68,632.0,1
34.1,101.0,376.6,56.8,867.0,28.9,0.89,459.0,0
15.7,37.3,106.0,83.9,1918.0,37.5,0.46,369.0,0
9.2,19.8,56.7,74.7,540.0,42.3,0.16,1429.0,0
34.5,104.0,326.0,54.2,457.0,36.5,0.56,110.0,0
43.3,118.6,292.6,55.7,1305.0,20.3,0.41,20.0,1
24.9,60.4,188.4,69.5,2246.0,29.3,0.71,46.0,0
40.3,100.1,161.4,65.2,1798.0,38.8,0.96,152.0,1
41.0,85.6,140.0,57.5,1442.0,23.1,0.54,20.0,0
45.3,121.3,320.7,88.5,1828.0,11.3,0.52,419.0,0
5.6,12.9,37.2,68.9,1287.0,9.3,0.69,226.0,0
18.7,59.7,222.2,79.3,2828.0,2.0,0.19,119.0,0
36.0,89.0,156.8,51.4,448.0,32.9,0.33,832.0,0
26.0,64.4,229.1,72.0,2118.0,6.8,0.93,137.0,0
41.1,106.6,215.9,59.1,2706.0,12.5,0.7,698.0,0
34.1,105.1,261.1,71.6,2470.0,14.8,0.11,258.0,0
2.2,6.4,14.6,86.8,797.0,26.1,0.28,430.0,0
52.8,128.5,321.2,86.1,1099.0,19.1,0.71,1630.0,0
16.8,47.2,88.6,61.3,2236.0,31.0,0.79,23.0,0
11.7,30.8,84.9,81.7,528.0,4.4,0.86,416.0,0
51.7,128.6,450.6,96.5,2492.0,7.3,0.36,1156.0,0
39.0,80.6,209.9,77.5,2241.0,23.5,0.94,532.0,1
56.6,138.6,377.9,48.9,2270.0,16.5,0.6,195.0,0
30.4,65.2,236.1,80.8,571.0,14.7,0.73,304.0,0
18.5,57.0,186.2,46.3,2238.0,4.9,0.64,684.0,0
27.9,63.3,172.5,92.3,2136.0,40.5,0.21,1329.0,0
9.9,31.0,66.5,71.0,2543.0,31.7,0.97,25.0,1
6.9,17.5,65.1,63.1,412.0,7.2,0.21,45.0,0
14.7,39.4,116.0,43.4,362.0,4.8,0.33,236.0,0
68.0,174.1,357.5,62.8,1307.0,43.9,0.83,159.0,1
16.0,31.7,68.8,94.2,702.0,31.3,0.66,185.0,0
4.4,10.2,35.7,41.3,1808.0,20.0,0.85,150.0,0
22.1,42.8,69.0,68.5,2777.0,32.2,0.56,131.0,0
15.8,42.3,168.2,95.9,1357.0,34.5,0.44,84.0,0
53.5,129.7,236.9,63.7,2581.0,35.5,0.93,1630.0,1
64.8,187.4,653.9,65.7,301.0,22.5,0.13,93.0,0
17.8,37.6,93.4,74.7,755.0,20.5,0.87,137.0,0
30.4,61.7,168.5,67.8,382.0,2.5,0.31,170.0,0
32.3,76.4,282.9,50.1,1186.0,41.8,0.86,1622.0,0
24.1,74.5,188.8,41.1,2752.0,27.9,0.23,846.0,0
20.8,58.1,165.3,76.6,562.0,10.7,0.62,936.0,0
11.0,26.3,42.7,95.2,1937.0,41.5,0.9,66.0,1
3.6,9.0,13.6,46.4,1519.0,41.3,0.53,1086.0,0
11.0,21.0,44.5,52.7,2834.0,44.5,0.77,315.0,0
23.4,74.4,238.3,62.2,631.0,39.6,0.82,183.0,1
6.1,16.7,30.2,88.5,872.0,44.9,0.76,514.0,0
29.2,64.3,114.7,56.2,380.0,12.5,0.93,1036.0,0
26.4,69.1,174.6,92.9,1472.0,38.2,0.5,905.0,1
15.8,30.9,96.5,43.3,1050.0,37.4,0.26,1324.0,0
20.1,63.4,207.8,96.5,2649.0,11.9,0.14,1580.0,0
7.3,15.0,29.2,73.6,1933.0,6.2,0.32,163.0,0
44.8,121.2,205.9,79.5,1958.0,44.1,0.23,331.0,1
44.2,94.8,365.2,62.1,1736.0,14.7,0.6,20.0,0
8.7,24.4,52.5,86.9,548.0,39.4,0.27,1269.0,0
9.0,25.9,93.9,50.0,1502.0,2.2,0.14,101.0,0
11.1,30.5,111.5,42.9,2999.0,2.9,0.13,1186.0,0
37.3,99.2,340.2,63.7,2555.0,22.0,0.85,240.0,1
32.2,98.2,188.7,91.2,2712.0,12.3,0.63,275.0,0
51.3,97.9,348.0,85.3,2523.0,31.7,0.42,24.0,1
55.2,124.9,427.5,71.0,578.0,26.3,0.9,237.0,1
5.5,11.9,35.5,74.3,914.0,5.3,0.16,1316.0,0
36.3,115.7,271.0,47.8,308.0,9.0,0.98,20.0,1
53.7,125.9,271.6,90.4,1119.0,18.7,0.65,313.0,0
19.1,53.9,97.3,87.2,593.0,10.0,0.27,20.0,0
24.5,67.7,187.9,79.4,1577.0,36.1,0.71,278.0,0
21.8,45.7,135.3,68.0,2128.0,19.9,0.79,114.0,0
22.5,48.1,115.4,97.9,2661.0,6.0,0.49,174.0,0
44.7,98.0,263.3,92.7,2323.0,22.8,0.88,1260.0,0
76.5,181.7,437.7,78.7,2834.0,5.9,0.24,344.0,0
62.4,132.9,412.2,62.3,446.0,7.5,0.35,192.0,0
16.5,30.1,113.0,77.1,333.0,12.3,0.18,534.0,0
30.5,92.3,176.3,74.5,2086.0,39.0,0.29,92.0,0
12.7,40.0,98.1,63.7,1081.0,41.8,0.31,180.0,0
13.9,31.6,58.5,58.4,984.0,37.5,0.93,474.0,0
23.7,53.9,165.2,64.4,1193.0,16.4,0.17,163.0,0
13.5,24.5,81.4,74.4,1028.0,13.7,0.48,682.0,0
15.4,42.3,162.0,65.7,1681.0,25.6,0.58,406.0,0
29.9,88.5,194.4,55.8,1488.0,33.0,0.91,887.0,0
36.0,72.1,279.6,85.7,1684.0,44.7,1.0,1777.0,0
35.3,71.4,118.4,71.9,2116.0,7.7,0.78,74.0,0
35.5,103.3,310.7,44.1,1345.0,4.1,0.97,244.0,0
7.9,21.0,34.5,62.1,979.0,31.9,0.81,231.0,0
12.9,24.1,90.0,93.1,749.0,37.8,0.97,98.0,0
25.7,68.8,194.2,85.3,1244.0,38.4,0.74,997.0,0
52.1,116.2,368.9,59.4,2303.0,31.2,0.17,856.0,0
104.4,241.8,865.4,96.3,2343.0,43.0,0.46,397.0,1
31.4,90.2,169.3,44.6,2101.0,24.0,0.68,463.0,0
41.7,122.5,195.6,97.7,932.0,41.3,0.42,37.0,1
7.0,16.5,61.1,54.7,1888.0,43.6,0.35,486.0,1
41.0,128.0,292.9,40.5,1841.0,38.4,0.62,940.0,1
86.8,205.7,374.9,66.0,1608.0,15.3,0.94,512.0,1
12.9,37.2,99.2,61.5,1785.0,10.4,0.13,185.0,0
15.8,39.1,117.2,72.3,1628.0,25.6,0.79,661.0,0
45.6,139.4,219.9,87.8,1827.0,21.5,0.75,269.0,0
25.5,78.3,171.2,90.5,2232.0,39.7,0.97,472.0,1
3.2,6.2,9.8,64.1,596.0,6.3,0.94,401.0,0
16.6,51.7,131.9,65.8,2324.0,13.1,0.79,288.0,0
64.7,191.2,714.5,48.9,667.0,34.3,0.57,761.0,1
20.0,58.1,229.8,42.9,480.0,6.1,0.28,1292.0,0
20.0,41.6,128.5,78.5,2935.0,15.8,0.59,20.0,0
43.6,127.7,243.2,43.9,2884.0,18.6,0.79,1627.0,0
32.2,96.2,362.2,84.0,463.0,28.8,0.91,430.0,1
19.1,42.2,117.6,72.3,1497.0,8.8,0.81,724.0,0
14.9,46.7,88.1,51.9,803.0,39.0,0.28,1161.0,0
136.6,255.5,971.9,72.4,1610.0,21.2,0.64,378.0,1
57.7,115.9,393.4,51.0,2541.0,41.4,0.4,1081.0,0
35.5,90.7,302.0,66.3,2867.0,22.1,0.11,117.0,0
37.2,96.9,317.0,88.0,2012.0,13.8,0.28,104.0,0
22.6,61.2,122.5,67.7,1256.0,8.1,0.2,643.0,0
31.9,58.2,118.0,48.9,1929.0,2.2,0.86,1225.0,0
20.8,65.4,210.7,83.4,1142.0,24.9,0.33,1338.0,0
11.9,22.1,45.3,51.2,2757.0,6.6,0.36,619.0,0
32.8,65.6,170.4,84.3,2650.0,18.8,0.96,447.0,0
19.4,35.3,122.0,68.8,1807.0,27.3,0.44,242.0,0
34.0,88.3,305.5,67.2,1177.0,13.9,0.11,2347.0,0
38.7,120.1,316.3,91.1,1092.0,9.5,0.36,231.0,0
35.3,96.6,336.1,82.5,390.0,35.3,0.21,818.0,0
11.0,32.5,116.9,42.0,2503.0,42.7,0.19,456.0,1
17.8,32.3,101.3,57.8,1516.0,6.3,0.17,563.0,0
19.7,50.4,104.5,92.3,1178.0,8.7,0.63,300.0,0
49.1,119.9,261.9,41.1,1572.0,43.3,0.27,2008.0,0
47.3,118.3,270.5,72.7,2511.0,3.6,0.43,509.0,0
13.6,25.9,46.4,83.7,636.0,44.0,0.88,1666.0,0
7.7,21.2,46.3,77.3,2616.0,2.2,0.48,20.0,0
107.6,269.5,545.3,85.6,2723.0,39.6,0.92,510.0,1
34.4,98.6,260.3,83.5,2856.0,15.2,0.55,758.0,0
6.7,16.6,62.5,81.5,1373.0,42.4,0.46,820.0,0
15.6,31.3,55.1,89.3,886.0,15.6,0.78,1412.0,0
50.5,136.6,450.9,78.7,1309.0,30.1,0.17,20.0,0
91.2,186.1,598.9,64.1,1199.0,5.4,0.18,20.0,0
81.6,246.4,428.6,68.3,776.0,12.4,0.69,383.0,1
33.3,88.6,337.3,83.0,1940.0,35.3,0.54,20.0,1
25.1,50.6,147.9,92.6,1587.0,24.7,0.81,2202.0,0
10.1,31.7,76.3,56.3,2637.0,41.9,0.92,151.0,1
26.7,67.4,228.7,60.5,387.0,20.4,0.45,384.0,0
11.4,21.6,46.3,95.8,2038.0,39.4,0.64,38.0,0
17.9,47.9,155.0,74.7,2360.0,21.3,0.55,443.0,0
45.6,98.2,157.1,50.7,2351.0,44.1,0.98,287.0,1
20.7,60.6,218.2,79.8,2692.0,43.3,0.85,27.0,1
19.6,57.8,151.5,99.4,2268.0,16.2,0.92,245.0,0
24.0,76.2,235.7,89.4,2805.0,40.1,0.33,298.0,0
117.8,294.9,605.5,84.7,1198.0,38.4,0.8,2758.0,1
9.1,22.1,70.5,52.5,1659.0,11.1,0.34,140.0,0
30.8,88.0,302.0,92.6,338.0,28.8,0.29,472.0,0
76.9,152.6,409.4,71.5,319.0,5.1,0.95,2620.0,0
24.0,61.5,187.3,93.4,948.0,38.0,0.12,942.0,0
57.0,146.1,385.8,59.8,572.0,9.5,0.97,3009.0,1
7.2,13.8,51.5,43.7,1003.0,5.0,0.23,2071.0,0
21.3,50.7,139.3,68.6,778.0,19.2,0.84,403.0,0
12.5,37.4,134.8,56.2,377.0,26.8,0.35,715.0,0
23.8,71.3,249.9,82.9,2755.0,38.8,0.42,70.0,0
24.2,46.9,118.4,97.4,322.0,43.9,0.3,349.0,1
26.1,50.4,104.5,81.5,2287.0,20.9,0.63,993.0,0
45.3,98.2,246.9,93.2,711.0,4.6,0.41,422.0,0
1.9,5.6,20.0,67.2,2763.0,34.2,0.69,728.0,0
15.0,29.7,61.4,86.3,2711.0,26.3,0.11,822.0,0
29.3,82.3,231.4,90.6,2066.0,21.3,0.16,175.0,0
3.4,6.6,23.4,82.7,2115.0,15.3,0.19,1251.0,0
39.0,104.3,248.6,70.5,314.0,23.6,0.48,370.0,0
14.8,33.9,105.3,77.6,2959.0,16.6,0.83,142.0,0
21.6,62.7,132.6,82.0,2670.0,34.6,0.9,1203.0,1
46.7,99.4,176.2,55.2,2717.0,25.4,0.32,325.0,0
58.7,158.2,551.5,88.6,2080.0,39.7,0.62,833.0,1
39.9,84.9,148.3,97.0,1231.0,25.4,0.79,476.0,0
8.8,24.7,53.7,67.9,2713.0,12.2,0.36,289.0,0
38.5,116.3,423.2,82.1,1087.0,38.6,0.47,996.0,1
40.3,79.7,188.6,84.2,1819.0,26.0,0.57,527.0,0
34.9,105.3,414.1,79.7,569.0,10.9,0.22,297.0,1
65.1,171.3,676.6,72.8,2789.0,28.8,0.12,70.0,0
26.7,52.7,114.5,92.9,680.0,17.4,0.24,1355.0,0
63.5,152.2,243.9,66.9,907.0,38.3,0.66,22.0,1
63.2,128.0,417.7,43.7,1807.0,21.5,0.17,1193.0,0
41.1,114.3,300.2,90.7,2363.0,33.2,0.27,268.0,1
31.2,89.3,156.4,80.4,1972.0,6.1,0.4,612.0,0
35.1,68.3,223.4,91.0,927.0,19.0,0.17,1532.0,0
74.5,186.8,294.8,48.3,303.0,44.3,0.27,99.0,0
52.0,153.0,562.2,41.8,2344.0,36.8,0.92,502.0,1
9.9,30.7,56.6,96.1,2960.0,8.9,0.12,867.0,1
33.5,84.4,153.5,48.9,2487.0,13.9,0.69,850.0,0
11.9,37.3,72.3,88.6,1543.0,16.2,0.45,447.0,0
14.4,36.7,143.0,89.4,2740.0,30.0,0.71,588.0,0
18.5,43.5,140.6,82.5,1407.0,34.6,0.63,850.0,0
6.5,19.3,67.7,47.9,1717.0,34.2,0.3,1103.0,0
11.2,27.9,69.7,80.0,1588.0,23.9,0.86,861.0,0
67.5,166.0,388.6,93.3,1509.0,36.9,0.54,262.0,1
14.3,35.6,74.2,65.5,2393.0,20.8,0.84,3433.0,0
45.5,135.7,366.7,64.8,1722.0,7.3,0.47,342.0,0
28.5,84.4,243.1,66.6,1155.0,26.3,0.99,20.0,1
37.3,88.3,271.8,44.9,997.0,42.9,0.79,270.0,1
38.4,87.1,186.7,93.5,402.0,36.1,0.97,82.0,1
10.8,26.8,103.7,92.2,1875.0,26.9,0.56,78.0,0
45.3,117.8,226.7,99.9,921.0,29.8,0.53,198.0,0
7.9,16.9,66.2,75.1,700.0,42.0,0.78,33.0,0
13.8,40.1,61.7,85.1,2065.0,20.4,0.89,700.0,0
38.0,94.4,255.2,52.2,2139.0,16.2,0.97,46.0,0
10.1,22.9,53.5,80.1,2331.0,44.0,0.39,136.0,0
3.0,5.8,15.3,79.0,1660.0,39.1,0.82,59.0,0
32.4,69.2,202.4,94.1,2714.0,15.9,0.29,39.0,0
5.3,16.6,42.9,89.8,2828.0,21.9,0.59,187.0,0
40.6,90.4,229.4,96.3,2480.0,19.8,0.26,509.0,0
19.6,39.9,133.0,92.1,2016.0,8.4,0.41,2006.0,0
32.1,78.4,252.0,92.1,1120.0,43.2,0.94,1250.0,1
31.6,70.5,252.8,43.8,2954.0,19.4,0.23,1252.0,0
42.7,79.0,167.8,90.8,1040.0,39.6,0.67,116.0,0
38.8,87.5,264.5,76.4,847.0,10.1,0.63,185.0,0
10.0,25.7,76.1,62.8,1494.0,25.6,0.21,48.0,0
20.6,52.9,128.3,43.4,453.0,3.0,0.39,904.0,0
32.0,73.7,200.0,80.7,2942.0,34.9,0.61,43.0,1
64.2,155.8,356.0,59.7,1889.0,27.0,0.27,488.0,0
39.1,123.2,228.5,68.1,1804.0,28.9,0.82,171.0,1
60.6,141.0,286.9,80.9,2071.0,4.2,0.97,167.0,1
33.3,71.9,126.8,94.7,1642.0,11.1,0.29,2808.0,0
52.6,112.7,361.5,89.5,387.0,5.2,0.27,848.0,0
30.1,73.6,231.9,67.0,1953.0,14.4,0.51,1088.0,0
51.2,146.6,568.2,63.3,2234.0,29.0,0.77,509.0,1
18.8,39.2,130.5,54.4,1425.0,26.3,0.35,1229.0,0
69.1,193.1,314.8,62.3,2345.0,28.3,0.12,622.0,0
36.0,65.8,244.3,46.7,913.0,25.6,0.59,1753.0,0
6.5,15.5,56.8,98.3,897.0,13.7,0.96,198.0,1
32.8,94.7,247.0,74.4,736.0,12.5,0.45,543.0,0
39.2,89.1,264.1,47.7,1304.0,7.9,0.48,703.0,0
46.4,120.0,473.0,61.2,2587.0,38.5,0.97,299.0,1
85.1,177.7,503.0,72.8,2535.0,28.5,0.73,1271.0,1
16.4,46.6,175.5,72.0,1334.0,10.0,0.75,2341.0,0
85.5,160.2,273.5,42.1,1891.0,9.6,0.61,408.0,0
25.1,75.1,148.4,97.1,2246.0,39.5,0.98,297.0,1
13.2,27.4,71.4,56.5,951.0,33.9,0.72,383.0,0
16.7,50.6,149.9,41.0,754.0,30.4,0.91,1149.0,0
37.6,86.1,305.0,44.6,2925.0,19.5,0.73,622.0,0
11.5,32.4,128.8,74.8,1967.0,13.3,0.76,27.0,0
19.1,42.8,105.8,48.3,2950.0,44.1,0.36,469.0,0
32.2,98.9,160.1,42.5,1212.0,36.3,0.37,20.0,0
68.8,136.0,476.5,62.8,2198.0,15.0,0.8,904.0,0
45.5,93.2,280.5,77.4,901.0,38.4,0.37,239.0,1
25.9,64.4,128.5,46.7,1005.0,34.6,0.61,383.0,0
37.4,71.7,196.2,58.8,1682.0,14.8,0.32,962.0,0
30.0,62.2,208.6,65.1,1163.0,20.3,0.84,29.0,0
8.7,27.1,92.8,49.6,753.0,10.0,0.2,104.0,1
76.7,243.0,668.1,70.4,1010.0,6.8,0.85,304.0,1
69.5,161.7,366.0,45.1,397.0,33.1,0.64,157.0,1
23.6,73.0,287.1,42.8,2202.0,13.5,0.27,247.0,0
17.2,44.2,139.5,71.2,1629.0,37.3,0.59,3784.0,0
8.9,19.3,48.7,54.9,554.0,44.8,0.35,1047.0,0
39.1,108.8,239.6,45.7,764.0,5.3,0.39,1292.0,0
39.3,106.9,355.9,65.4,577.0,22.3,0.42,1659.0,0
12.4,39.6,83.4,94.9,1954.0,36.5,0.16,250.0,0
30.2,65.6,126.6,83.5,554.0,35.9,0.99,212.0,1
44.5,121.9,344.4,88.9,2337.0,34.7,0.13,160.0,0
16.3,30.5,67.8,92.3,355.0,17.0,0.7,1064.0,0
21.4,41.9,128.7,98.4,973.0,21.5,0.43,683.0,0
21.2,38.3,68.8,85.8,2705.0,27.6,0.68,162.0,0
13.2,42.1,132.0,76.5,2240.0,43.9,0.42,284.0,0
21.7,63.5,140.3,61.9,497.0,16.1,0.71,424.0,0
5.4,15.7,23.5,50.9,2517.0,41.7,0.76,451.0,0
20.4,51.2,93.0,81.2,1631.0,13.6,0.72,1317.0,0
20.6,45.8,175.4,99.7,2586.0,44.5,0.2,287.0,0
23.8,47.9,175.8,68.0,1922.0,30.8,0.69,1435.0,0
35.5,78.0,162.6,83.4,2141.0,21.9,0.35,349.0,1
8.2,19.1,65.6,69.7,2982.0,28.4,0.13,823.0,0
9.8,27.9,84.3,65.9,927.0,13.7,0.47,1598.0,0
12.9,32.9,129.0,64.6,1985.0,13.8,0.49,1429.0,1
7.4,14.1,34.2,70.3,1543.0,6.9,0.52,35.0,0
38.4,70.1,224.4,62.0,407.0,6.9,0.73,138.0,0
15.7,30.5,50.6,84.9,339.0,16.9,0.38,389.0,0
24.4,57.9,144.3,92.5,622.0,34.8,0.38,339.0,0
11.9,37.0,144.6,93.0,2053.0,28.1,0.15,614.0,0
18.7,50.2,143.1,53.7,1831.0,6.4,0.72,1737.0,0
31.3,91.5,203.0,93.8,1794.0,38.6,0.61,72.0,1
32.4,79.5,143.1,60.5,386.0,27.9,0.41,361.0,0
10.2,23.4,76.4,58.6,1567.0,43.3,0.73,128.0,0
23.5,45.8,142.6,83.6,2796.0,30.8,0.58,1347.0,0
12.1,36.6,89.1,58.3,1373.0,9.5,0.52,2004.0,0
22.8,66.1,256.1,43.2,1987.0,22.4,0.56,391.0,0
14.6,29.7,46.2,62.4,2406.0,29.9,0.67,66.0,0
79.9,201.2,454.5,83.3,2417.0,3.2,0.69,923.0,0
44.3,110.0,418.3,59.6,1702.0,2.6,0.36,717.0,0
33.4,89.4,205.9,77.8,2616.0,7.6,0.23,263.0,0
20.0,62.4,133.0,79.6,1357.0,12.8,0.24,1310.0,0
45.2,118.0,334.7,84.0,2699.0,20.5,0.68,2234.0,0
24.0,61.3,218.4,93.8,949.0,23.0,0.89,490.0,1
74.6,139.6,245.4,66.0,1057.0,7.9,0.47,500.0,1
48.3,91.2,351.9,50.0,443.0,31.0,0.25,212.0,0
18.6,38.3,133.4,59.1,2448.0,27.6,0.78,527.0,0
69.1,127.6,249.1,65.9,1426.0,14.7,0.85,348.0,1
20.1,57.0,186.9,82.8,919.0,2.6,0.89,216.0,0
83.0,233.4,574.7,40.8,926.0,5.3,0.65,42.0,0
71.6,142.4,356.9,58.9,2734.0,18.8,0.87,175.0,0
31.2,92.6,320.2,86.8,2552.0,8.6,0.11,132.0,0
5.6,11.4,44.4,80.3,1795.0,18.2,0.2,469.0,1
29.4,65.4,118.8,83.9,1963.0,29.0,0.18,552.0,1
9.2,19.8,50.5,88.7,1581.0,25.5,0.74,563.0,0
15.0,34.8,94.0,87.0,1357.0,11.9,0.16,295.0,0
15.9,34.4,83.9,80.9,2772.0,16.8,0.55,328.0,0
9.1,22.7,54.6,66.4,639.0,28.4,0.53,1078.0,0
29.5,70.0,114.1,99.0,1430.0,39.0,0.38,388.0,0
13.5,43.0,138.2,74.1,1230.0,34.4,0.88,2642.0,0
20.8,39.1,101.2,52.2,1645.0,25.8,0.25,347.0,0
16.1,32.1,63.8,57.6,1536.0,17.6,0.42,629.0,0
35.6,66.7,236.1,81.6,1701.0,17.7,0.8,31.0,0
33.8,90.4,317.0,95.5,678.0,39.8,0.13,636.0,0
19.5,36.6,99.4,50.7,1685.0,3.7,0.71,1144.0,0
36.9,109.5,245.9,44.9,955.0,44.5,0.83,1713.0,1
57.1,143.8,445.2,92.9,798.0,30.6,0.94,3553.0,0
2.5,6.2,13.8,94.9,475.0,31.3,0.89,199.0,0
15.3,39.6,82.7,56.6,2359.0,3.6,0.39,514.0,0
10.9,22.2,73.9,62.6,1454.0,28.0,0.63,359.0,0
14.2,29.4,47.1,79.6,1992.0,22.8,0.17,498.0,0
1.9,4.2,7.3,59.8,2265.0,6.5,0.33,103.0,0
2.3,6.1,9.2,92.6,2134.0,14.0,0.18,1163.0,0
16.5,34.6,65.1,46.5,1570.0,40.3,0.38,1442.0,0
16.1,31.7,53.0,42.3,1347.0,25.6,0.89,358.0,0
62.7,197.9,789.7,52.5,1315.0,19.8,0.41,197.0,0
27.8,51.0,113.2,57.2,2028.0,5.1,0.61,91.0,0
36.2,105.8,198.2,46.8,1636.0,32.7,0.49,691.0,0
204.2,592.7,1246.2,43.9,2593.0,32.2,0.51,225.0,1
75.5,167.3,642.4,85.3,2662.0,28.4,0.97,1442.0,1
24.1,48.0,134.5,49.9,761.0,23.9,0.37,667.0,0
17.7,35.4,85.3,94.8,668.0,20.7,0.66,623.0,0
15.5,43.1,158.6,62.1,2002.0,27.5,0.48,492.0,0
31.9,86.2,214.5,80.2,1113.0,12.0,0.16,28.0,1
17.8,51.5,120.3,53.5,350.0,42.5,0.54,1612.0,0
8.9,27.6,55.8,54.4,2699.0,27.3,0.83,593.0,0
16.0,44.3,108.3,74.5,913.0,15.4,0.19,3076.0,1
32.6,65.8,150.8,73.6,2809.0,21.3,0.16,462.0,0
40.8,87.3,278.7,86.1,2237.0,36.6,0.24,743.0,0
80.6,240.1,534.0,85.5,2359.0,8.9,0.79,35.0,1
26.9,56.4,166.0,80.2,844.0,14.6,0.75,599.0,0
59.4,113.0,188.1,66.9,932.0,31.2,0.61,868.0,0
21.4,59.6,118.0,93.4,1707.0,15.6,0.52,904.0,0
23.8,56.2,141.5,77.4,765.0,36.1,0.9,882.0,1
22.8,70.5,270.7,99.4,1125.0,7.6,0.79,154.0,0
29.4,79.7,194.6,89.2,1168.0,34.8,0.83,2223.0,0
45.9,88.4,279.4,42.7,731.0,4.9,0.83,3201.0,0
17.2,53.7,114.8,59.2,854.0,2.5,0.68,47.0,0
11.4,24.7,44.9,74.3,2429.0,40.6,0.51,1654.0,0
48.4,110.1,181.2,83.3,751.0,27.0,0.88,205.0,1
46.1,108.9,246.5,73.0,377.0,17.1,0.93,701.0,0
65.7,123.0,233.1,87.2,1999.0,12.0,0.12,248.0,0
15.0,37.5,72.6,57.0,2935.0,28.5,0.15,2061.0,0
20.8,41.1,139.7,51.0,1194.0,23.9,0.96,64.0,0
49.7,117.3,180.7,43.2,620.0,44.6,0.35,413.0,0
17.0,39.0,112.8,74.4,1840.0,44.3,0.89,335.0,0
39.6,114.0,279.2,81.3,2747.0,29.3,0.45,237.0,0
21.5,62.8,173.9,59.6,2417.0,21.0,0.21,622.0,0
31.8,64.1,186.3,76.8,1981.0,23.1,0.17,84.0,0
8.7,20.1,46.0,43.1,1151.0,31.3,0.24,757.0,0
26.7,62.0,138.7,46.0,1763.0,6.4,0.32,2365.0,0
56.4,113.4,378.1,82.1,546.0,16.1,0.54,979.0,0
43.3,126.3,464.5,62.1,2133.0,5.2,0.73,1180.0,0
10.8,30.0,59.5,80.3,2258.0,5.2,0.99,267.0,0
76.4,157.9,275.4,89.9,2906.0,10.4,0.5,236.0,0
54.1,125.1,468.4,91.2,1003.0,22.9,0.57,437.0,0
9.1,17.8,42.2,50.3,350.0,35.7,0.57,28.0,0
16.1,43.1,124.1,69.2,1773.0,22.9,0.59,1744.0,0
9.6,18.9,45.4,84.0,2208.0,16.4,0.57,93.0,0
32.5,103.3,187.4,86.4,2434.0,5.5,0.11,1400.0,0
15.5,44.8,133.3,87.1,823.0,25.7,0.1,52.0,0
3.2,7.6,21.4,53.7,1007.0,13.7,0.19,1038.0,0
23.7,61.8,124.1,51.6,1684.0,28.4,0.19,99.0,1
47.1,145.0,381.2,75.4,1193.0,44.0,0.73,23.0,1
27.1,69.8,243.8,84.5,2623.0,6.8,0.28,763.0,0
37.1,75.8,225.5,59.1,1579.0,11.1,0.91,197.0,0
29.1,67.7,118.0,46.3,2459.0,22.3,0.94,752.0,0
42.0,125.3,359.6,83.0,1868.0,43.7,0.98,486.0,1
31.0,83.8,273.0,58.0,2387.0,35.2,0.95,69.0,1
22.7,61.5,214.3,50.0,1198.0,40.6,0.34,1614.0,0
26.9,80.9,248.7,48.9,2545.0,16.3,0.56,361.0,0
67.4,205.6,386.8,58.9,1041.0,44.7,0.26,796.0,0
38.6,119.1,390.0,75.6,1774.0,6.4,0.83,417.0,0
10.7,20.7,66.2,61.5,878.0,4.3,0.9,556.0,0
26.5,68.0,106.1,41.2,1584.0,38.8,0.87,216.0,1
32.0,90.9,229.9,45.8,1159.0,41.9,0.49,134.0,1
22.1,63.2,147.5,57.4,1020.0,5.9,0.78,469.0,0
3.3,8.7,27.5,79.6,2911.0,6.9,0.19,348.0,1
11.8,23.9,48.8,45.9,732.0,3.4,0.14,297.0,0
17.8,52.0,154.7,73.6,2426.0,6.5,0.78,670.0,0
82.3,231.0,873.9,47.2,2957.0,11.0,0.48,704.0,0
35.6,68.5,239.2,52.7,354.0,43.7,1.0,28.0,1
5.4,13.3,50.4,50.3,2187.0,30.7,0.19,248.0,0
23.2,47.5,187.3,44.0,983.0,35.5,0.87,318.0,1
60.5,137.4,209.8,80.3,409.0,35.4,0.53,61.0,0
15.3,28.0,85.5,67.8,1388.0,25.0,0.84,161.0,0
51.0,120.3,304.7,89.9,2825.0,36.3,0.84,32.0,1
5.6,14.4,52.6,45.9,332.0,27.6,0.92,3350.0,0
0.5,1.3,2.8,48.7,1887.0,15.5,0.37,800.0,0
56.2,153.3,606.1,58.4,1654.0,26.1,0.95,55.0,1
17.1,50.7,153.8,86.0,2658.0,24.9,0.24,20.0,0
18.2,38.3,133.3,58.3,527.0,37.4,0.17,762.0,0
28.9,56.8,97.4,64.5,2140.0,44.2,0.49,347.0,0
34.7,104.0,203.6,58.1,2136.0,19.7,0.85,927.0,0
1.1,2.3,7.8,44.8,2107.0,34.8,0.53,1542.0,0
14.3,45.2,70.4,96.4,2844.0,6.3,0.85,549.0,0
26.2,77.9,276.1,72.9,2522.0,35.4,0.76,124.0,0
34.7,86.8,133.2,87.3,413.0,18.0,0.29,914.0,0
10.6,33.7,105.8,79.5,1572.0,3.7,0.95,1872.0,0
21.2,41.1,99.1,70.9,1374.0,17.6,0.15,521.0,0
15.3,34.0,102.9,45.4,1137.0,28.3,0.91,687.0,0
29.6,79.7,258.3,78.6,1519.0,7.1,0.37,247.0,0
54.8,125.6,295.9,49.3,1337.0,41.7,0.55,288.0,0
19.0,59.0,104.4,64.9,1467.0,5.3,0.48,796.0,0
6.7,12.7,21.3,77.7,2944.0,42.0,0.25,1577.0,0
13.6,35.0,104.0,86.9,539.0,32.4,0.42,595.0,0
75.9,199.4,558.6,81.1,2790.0,16.2,0.27,936.0,0
11.8,32.0,107.5,80.3,1597.0,18.8,0.28,113.0,0
8.2,17.7,49.1,48.9,1984.0,33.9,0.27,143.0,0
18.1,41.8,106.9,60.8,2541.0,27.9,0.54,456.0,0
23.2,69.3,172.8,42.6,1273.0,30.9,0.82,117.0,1
16.1,33.3,52.2,83.2,1462.0,18.7,0.61,605.0,0
5.6,16.7,39.1,97.2,1406.0,23.0,0.9,207.0,0
31.8,82.2,323.8,55.8,1312.0,44.6,0.67,941.0,1
29.6,84.9,312.9,45.3,2799.0,11.2,0.72,991.0,0
41.0,114.6,266.4,68.5,2538.0,20.0,0.7,374.0,0
29.1,60.9,180.8,91.4,594.0,14.5,0.5,120.0,0
71.8,186.4,674.4,73.1,592.0,34.9,0.72,624.0,1
43.2,130.3,339.2,42.8,1455.0,34.9,0.16,2959.0,0
37.3,89.7,138.6,98.5,566.0,14.6,0.87,585.0,0
56.2,177.2,298.8,89.7,1972.0,5.5,0.8,22.0,1
27.8,67.7,187.9,47.9,688.0,2.5,0.32,20.0,0
21.6,43.1,169.3,95.3,1710.0,20.4,0.79,232.0,0
31.5,73.9,238.8,67.0,319.0,19.6,0.11,131.0,0
3.1,9.6,16.0,62.3,1155.0,44.5,0.3,1006.0,1
27.9,62.7,123.7,67.7,2128.0,22.2,0.16,1118.0,0
23.2,70.0,240.0,90.1,1607.0,13.0,0.8,180.0,0
34.0,103.3,372.1,79.6,2941.0,40.3,0.78,236.0,1
51.1,117.0,356.2,43.6,2660.0,23.1,0.83,162.0,1
38.1,73.0,227.1,97.5,1269.0,27.8,0.1,1434.0,0
13.7,38.4,60.4,48.9,423.0,6.1,0.55,419.0,0
45.5,101.7,363.3,84.7,2583.0,18.5,0.73,641.0,0
72.5,209.9,728.5,78.2,2760.0,42.6,0.24,322.0,1
52.0,125.8,270.2,51.3,2516.0,27.3,0.68,598.0,1
7.4,18.3,59.9,50.2,645.0,16.8,0.18,293.0,0
37.8,109.2,222.5,92.2,2994.0,28.9,0.26,249.0,1
8.6,20.0,32.1,65.2,998.0,41.1,0.53,604.0,0
19.9,48.2,96.5,79.3,2255.0,13.8,0.69,537.0,0
33.3,77.5,150.9,70.2,2752.0,23.7,0.23,208.0,0
30.2,69.9,163.8,83.6,936.0,43.2,0.27,97.0,0
51.3,130.1,331.3,68.8,2752.0,9.4,0.28,276.0,0
72.7,213.2,590.9,57.2,1136.0,32.9,0.31,322.0,1
35.8,82.5,222.1,61.8,2936.0,28.4,0.3,594.0,0
18.7,47.4,103.1,91.5,1059.0,31.2,0.46,1476.0,0
3.3,8.9,14.0,68.1,2874.0,17.1,0.69,22.0,0
60.2,131.1,394.9,52.8,445.0,15.5,0.49,168.0,0
23.3,51.0,127.0,96.1,2215.0,31.4,0.8,129.0,1
24.3,75.4,169.5,87.8,1737.0,11.3,0.75,419.0,0
25.8,72.6,266.2,43.3,1590.0,20.0,0.21,337.0,1
34.6,90.2,303.8,99.9,903.0,10.1,0.14,783.0,0
35.3,95.6,348.6,81.7,2205.0,2.4,0.89,167.0,0
20.2,37.1,101.6,49.6,815.0,43.7,0.17,542.0,0
23.1,61.6,112.7,54.2,1793.0,20.6,0.23,1292.0,0
15.0,37.8,122.6,81.5,984.0,43.7,0.12,1449.0,0
13.6,35.0,70.5,86.8,2880.0,8.0,0.67,1913.0,0
13.6,31.3,81.5,54.3,377.0,27.3,0.62,890.0,0
22.9,43.9,72.9,55.4,839.0,10.6,0.99,1419.0,0
11.3,23.5,83.7,58.4,954.0,36.0,0.9,160.0,0
0.4,1.2,2.2,75.9,1418.0,35.7,0.47,132.0,0
18.4,43.7,164.2,50.3,928.0,6.8,0.43,20.0,0
7.9,19.3,70.8,46.3,1627.0,41.2,0.37,736.0,0
27.2,50.9,135.5,80.7,2656.0,10.4,0.24,1663.0,0
15.0,27.8,93.4,86.7,2223.0,28.4,0.22,124.0,0
34.9,97.9,298.4,70.1,1866.0,44.4,0.22,608.0,0
8.6,22.1,77.4,61.8,540.0,39.9,0.2,823.0,0
4.1,10.3,26.6,65.9,2174.0,43.1,0.32,1575.0,0
23.2,49.6,171.9,63.3,749.0,16.7,0.38,625.0,0
17.8,50.5,134.2,97.6,2423.0,6.5,0.97,2110.0,0
7.2,14.6,56.3,86.1,975.0,10.1,0.62,254.0,0
43.2,89.3,242.6,52.5,1426.0,23.5,0.99,258.0,1
10.2,24.9,66.1,63.1,1246.0,36.1,0.44,470.0,0
13.1,28.8,99.7,72.6,2619.0,8.5,0.51,290.0,0
49.0,105.3,374.1,76.8,642.0,30.4,0.39,20.0,0
36.4,98.3,283.8,68.1,1827.0,15.9,0.26,790.0,0
9.1,24.8,48.3,88.6,684.0,16.7,0.23,836.0,0
19.1,56.5,150.8,86.1,2203.0,30.5,0.95,825.0,1
8.2,19.7,77.1,70.3,2744.0,22.1,0.99,254.0,0
46.6,88.7,299.9,91.3,1473.0,36.9,0.14,443.0,0
46.6,101.7,358.8,85.1,1618.0,8.7,0.24,268.0,0
79.8,253.1,400.5,86.7,2804.0,36.0,0.48,20.0,1
100.3,264.3,705.7,97.4,1707.0,4.8,0.27,496.0,0
14.8,41.5,129.3,56.0,1617.0,10.3,0.43,79.0,0
41.5,75.1,268.6,56.1,1861.0,30.2,0.22,50.0,0
3.4,8.6,13.9,93.3,2161.0,38.8,0.51,845.0,0
28.8,53.3,193.5,86.3,589.0,12.9,0.34,20.0,1
34.2,88.8,254.8,95.6,2517.0,16.1,0.42,1917.0,0
10.7,33.1,66.0,43.8,1476.0,25.1,0.18,434.0,0
14.0,44.3,101.7,77.7,495.0,11.1,0.49,2445.0,0
46.8,119.7,263.8,48.7,2423.0,36.9,0.98,36.0,1
34.8,85.0,240.2,70.2,1318.0,35.3,0.4,526.0,0
73.2,228.5,372.3,49.3,571.0,8.2,0.89,258.0,0
67.6,185.5,351.7,47.7,2011.0,21.9,0.86,1113.0,0
4.7,8.9,31.3,40.7,2676.0,35.3,0.96,269.0,0
16.2,39.6,72.6,77.8,2697.0,16.5,0.81,181.0,0
9.7,20.7,43.1,61.5,2886.0,29.2,0.69,1169.0,0
42.7,105.0,276.5,46.3,2643.0,4.2,0.87,282.0,0
30.9,75.3,210.4,59.4,306.0,28.2,0.17,20.0,0
10.3,27.0,92.1,50.1,1327.0,8.6,0.52,297.0,0
11.9,27.4,71.8,96.5,2510.0,37.7,0.99,638.0,0
57.8,117.4,408.0,59.2,1289.0,17.3,0.79,176.0,0
17.7,44.5,135.4,60.0,1924.0,14.1,0.97,339.0,0
2.7,8.0,14.3,90.4,1937.0,38.2,0.8,35.0,0
9.5,25.8,48.9,78.9,1286.0,4.2,0.89,532.0,0
83.3,189.4,491.0,82.6,2742.0,19.1,0.74,847.0,1
50.0,155.6,387.7,78.2,1659.0,17.9,0.78,320.0,1
7.7,23.8,79.8,96.8,1555.0,14.2,0.57,327.0,0
28.8,60.2,177.6,52.4,2993.0,41.2,0.93,55.0,1
47.9,88.9,219.6,99.3,1632.0,34.3,0.84,135.0,1
4.6,13.1,25.2,89.9,782.0,4.7,0.86,101.0,0
51.6,152.7,315.7,75.3,1685.0,32.7,0.71,394.0,1
34.6,109.0,320.4,79.7,2498.0,24.7,0.37,452.0,0
13.3,40.6,103.8,78.9,2398.0,40.7,0.13,1785.0,0
38.6,101.9,284.1,43.5,2429.0,15.5,0.94,46.0,1
31.2,79.4,153.0,53.1,2212.0,26.7,0.63,550.0,1
32.8,60.3,190.5,97.7,986.0,23.5,0.37,449.0,0
28.0,60.0,218.0,72.1,2628.0,23.1,0.23,436.0,0
11.5,28.2,60.4,62.7,2712.0,21.6,0.85,1239.0,0
13.6,36.4,99.4,85.7,824.0,10.8,0.85,138.0,0
20.7,53.3,210.0,71.5,652.0,34.5,0.83,25.0,1
25.9,73.6,171.6,40.8,2934.0,21.4,0.68,669.0,0
40.2,88.2,263.4,84.2,2644.0,43.2,0.43,254.0,0
84.6,219.1,378.1,83.9,2712.0,13.2,0.37,20.0,0
29.8,57.2,172.6,49.9,2693.0,31.4,0.11,174.0,0
39.7,94.5,162.9,97.4,1763.0,42.5,0.85,222.0,1
46.2,131.8,513.8,53.4,2045.0,30.5,0.18,576.0,0
41.7,115.6,380.3,67.5,1772.0,39.5,0.67,114.0,1
11.1,35.4,123.0,46.9,438.0,37.6,0.55,320.0,0
61.5,134.6,439.0,76.2,2313.0,17.5,0.57,395.0,0
55.2,137.9,410.0,62.5,1664.0,27.8,0.93,369.0,1
27.7,62.6,164.4,61.2,2049.0,8.7,0.13,2188.0,0
11.8,28.4,103.5,89.6,1657.0,25.0,0.8,28.0,0
25.6,76.8,298.7,40.6,1628.0,11.9,0.15,1809.0,0
5.3,14.7,40.3,87.9,764.0,34.0,0.13,523.0,0
66.9,203.0,777.3,74.3,1053.0,24.7,0.49,953.0,1
14.7,30.7,90.7,99.2,729.0,19.7,0.16,338.0,0
19.8,59.9,170.6,75.4,828.0,13.6,0.81,363.0,0
63.8,120.1,316.6,43.3,2927.0,44.9,0.58,1269.0,0
58.8,178.9,362.0,43.0,713.0,5.1,0.13,1358.0,0
32.1,72.6,109.6,93.0,1027.0,3.9,0.14,164.0,0
73.5,164.8,346.6,90.5,1895.0,11.3,0.65,133.0,1
10.8,27.2,75.4,60.8,1947.0,43.8,0.83,411.0,1
32.1,100.2,245.5,77.1,716.0,44.1,0.49,1383.0,0
10.9,20.3,53.2,69.4,2443.0,30.2,0.6,233.0,0
53.0,121.4,479.8,98.0,2420.0,39.8,0.82,633.0,1
51.7,155.1,368.4,97.0,941.0,11.2,0.65,739.0,0
77.0,181.2,476.7,99.0,1079.0,43.8,0.3,905.0,0
25.0,52.0,95.3,92.0,2833.0,8.1,0.65,498.0,0
91.1,218.1,353.2,94.6,2529.0,6.3,0.67,309.0,1
10.0,23.5,80.8,53.0,2184.0,6.8,0.76,2047.0,0
24.0,73.9,216.2,89.9,522.0,26.6,0.66,567.0,0
10.4,29.8,101.4,82.5,1429.0,35.6,0.97,782.0,1
29.0,72.7,136.3,97.8,1810.0,17.8,0.28,254.0,0
11.3,35.9,105.0,74.3,806.0,44.0,0.96,665.0,1
53.0,130.0,277.5,45.1,1510.0,20.7,0.58,179.0,1
35.4,66.6,137.8,75.8,1923.0,8.5,0.7,169.0,1
9.3,20.1,30.7,81.2,1184.0,22.0,0.19,753.0,0
44.9,108.2,197.6,53.2,2409.0,31.2,0.44,442.0,0
70.2,141.7,322.1,63.6,2569.0,37.8,0.79,690.0,1
37.8,118.3,212.1,75.9,1174.0,21.7,0.74,188.0,0
6.8,19.5,77.3,62.4,2564.0,27.5,0.14,548.0,0
22.2,48.4,109.8,62.5,580.0,13.5,0.59,352.0,1
41.3,108.5,198.2,48.0,2562.0,29.8,0.18,545.0,0
20.6,57.9,115.6,96.4,712.0,44.4,1.0,206.0,1
9.9,30.9,91.9,85.0,524.0,4.1,0.91,754.0,0
57.2,173.5,288.1,40.1,2033.0,40.1,0.12,984.0,0
19.9,50.1,183.3,85.9,1574.0,26.2,0.87,181.0,1
70.2,202.4,790.3,84.4,2751.0,12.8,0.93,215.0,1
16.2,42.0,88.9,40.6,1281.0,43.1,0.42,649.0,0
19.0,48.8,128.1,62.2,1075.0,22.8,0.75,714.0,0
15.2,29.8,46.3,76.4,1652.0,16.3,0.5,731.0,0
21.9,43.3,134.4,67.2,1531.0,9.8,0.69,689.0,0
35.0,88.9,225.2,86.7,1230.0,12.5,0.41,299.0,0
10.4,22.7,49.3,65.5,2173.0,37.8,0.39,301.0,0
8.7,15.8,31.9,49.2,2351.0,28.4,0.48,176.0,0
4.5,12.6,39.6,98.6,2603.0,41.3,0.23,102.0,0
3.9,7.1,18.1,54.5,2927.0,12.0,0.85,708.0,0
6.9,18.1,35.2,83.1,1020.0,7.2,0.41,59.0,0
16.1,41.2,132.9,48.6,2233.0,2.3,0.46,1666.0,0
28.6,90.3,263.0,59.7,1364.0,23.8,0.9,1052.0,0
33.6,83.2,303.5,66.5,2128.0,44.9,0.55,1169.0,1
27.6,52.2,93.6,51.5,1585.0,31.9,0.59,1423.0,0
64.9,167.0,578.7,67.0,2983.0,15.3,0.96,315.0,1
78.9,234.8,747.6,49.4,2268.0,39.7,0.9,1125.0,1
20.0,63.8,114.0,73.5,2872.0,35.6,0.25,103.0,0
10.6,25.4,82.3,79.8,2554.0,2.7,0.53,20.0,0
94.7,213.0,554.6,43.7,2738.0,37.1,0.97,922.0,1
55.9,171.5,662.3,92.3,2499.0,14.9,0.44,47.0,0
53.1,109.8,203.6,51.1,1540.0,8.4,0.43,2681.0,0
15.6,41.5,128.9,53.5,980.0,11.7,0.28,674.0,0
45.7,108.2,265.5,79.7,1300.0,22.1,0.2,840.0,0
27.8,51.6,200.9,68.1,355.0,20.3,0.77,169.0,1
23.6,53.9,125.4,70.0,1715.0,14.4,0.79,672.0,0
23.6,51.2,199.8,47.7,1664.0,9.4,0.97,27.0,0
36.1,99.7,374.3,88.3,1718.0,34.8,0.8,1091.0,1
66.3,207.5,451.6,77.0,2930.0,44.6,0.32,112.0,1
99.8,217.2,761.9,48.1,2761.0,35.4,0.14,717.0,0
18.0,52.7,210.3,62.4,737.0,14.7,0.99,153.0,0
29.0,54.4,116.0,88.6,1296.0,12.5,0.41,43.0,0
23.1,59.1,153.1,74.1,1445.0,11.4,0.38,394.0,0
34.4,65.4,183.1,46.5,1273.0,7.9,0.92,111.0,0
20.9,65.1,145.6,62.4,2456.0,25.7,0.63,784.0,0
14.1,40.4,62.2,54.6,1715.0,28.0,0.29,163.0,0
18.0,48.9,100.3,71.0,1845.0,32.3,0.9,252.0,1
15.8,46.6,102.8,90.6,2603.0,31.2,0.99,503.0,1
22.3,60.2,157.2,66.2,2476.0,14.6,0.18,201.0,0
7.4,23.3,45.0,66.0,657.0,16.2,0.88,285.0,0
16.0,44.9,165.4,94.3,2228.0,31.3,0.45,1014.0,0
34.2,105.8,345.1,74.6,1476.0,17.0,0.57,118.0,0
34.0,85.8,147.0,74.0,1096.0,11.1,0.92,51.0,0
30.2,59.3,185.5,55.7,435.0,18.1,0.98,239.0,0
62.5,158.8,497.7,76.5,1616.0,13.7,0.34,331.0,0
35.2,69.5,270.6,74.6,1260.0,5.8,0.29,469.0,0
61.2,160.9,242.5,63.8,979.0,37.7,0.17,280.0,0
99.9,247.2,524.1,99.4,2176.0,38.7,0.61,936.0,1
46.5,124.2,474.2,92.9,2378.0,11.4,0.11,24.0,0
7.4,13.5,51.6,85.0,961.0,4.8,0.47,339.0,0
31.1,64.5,212.9,72.2,434.0,33.8,0.17,289.0,0
27.8,69.2,236.4,67.7,2592.0,11.1,0.46,626.0,1
70.1,219.5,379.4,51.1,327.0,18.9,0.14,2034.0,0
22.9,53.5,149.0,58.3,2830.0,4.8,0.85,428.0,0
12.4,29.8,61.9,86.4,1995.0,11.7,0.29,2600.0,0
16.8,47.2,92.1,67.2,1169.0,36.1,0.4,216.0,1
7.7,20.4,72.0,92.9,965.0,36.6,0.88,20.0,1
89.6,198.7,365.1,48.9,324.0,10.9,0.77,109.0,1
25.4,60.2,161.0,70.5,936.0,16.4,0.3,302.0,0
8.5,17.9,68.7,78.8,672.0,7.8,0.16,228.0,0
74.3,234.3,460.2,71.0,1953.0,5.2,0.74,61.0,1
82.7,163.9,646.7,93.4,750.0,44.7,0.45,340.0,1
28.6,66.3,264.1,99.4,1727.0,30.2,0.79,248.0,0
7.0,12.9,37.2,47.0,1893.0,25.3,0.5,78.0,0
17.2,36.3,69.9,47.8,1105.0,34.9,0.41,211.0,0
21.0,60.7,139.1,47.8,395.0,38.1,0.51,1305.0,0
26.0,54.2,138.8,80.9,401.0,36.7,0.77,216.0,1
9.6,18.3,41.6,62.4,371.0,2.7,0.91,751.0,0
49.1,121.0,266.5,84.0,2296.0,10.0,0.14,568.0,0
2.4,4.3,16.9,64.3,1159.0,30.2,0.57,334.0,0
54.7,104.9,197.5,77.7,2450.0,18.2,0.13,164.0,0
62.6,183.5,611.6,86.2,1466.0,44.2,0.52,276.0,1
18.6,53.7,80.6,72.9,1523.0,30.6,0.9,538.0,1
23.8,73.3,219.1,72.4,1685.0,43.1,0.43,259.0,0
67.9,203.4,770.8,45.3,2225.0,10.7,0.94,145.0,1
40.2,110.8,246.1,64.6,1038.0,39.2,0.67,74.0,0
19.2,35.9,70.6,72.7,628.0,15.8,0.94,1271.0,0
21.1,61.1,191.1,67.7,1801.0,44.6,0.78,348.0,0
36.3,108.2,355.1,94.0,1183.0,8.8,0.19,589.0,0
84.3,246.1,792.4,94.4,1495.0,24.2,0.31,404.0,1
21.6,54.3,124.8,89.3,2047.0,36.1,0.45,1236.0,0
18.7,39.8,84.7,62.5,1634.0,20.6,0.25,475.0,0
25.9,77.2,300.4,83.0,1975.0,22.1,0.55,393.0,0
26.0,73.3,279.1,63.7,1769.0,44.4,0.52,1551.0,0
31.8,100.9,266.6,54.0,2297.0,20.3,0.96,763.0,0
23.8,48.1,173.9,60.6,2206.0,28.0,0.49,71.0,0
56.9,120.3,316.6,44.3,1742.0,4.3,0.81,117.0,0
11.6,24.3,62.1,59.9,2133.0,38.2,0.95,928.0,0
34.4,100.1,189.4,67.6,2659.0,29.9,0.89,1084.0,0
35.4,72.9,187.2,97.3,1467.0,19.4,0.29,473.0,0
12.5,23.7,67.5,58.8,1414.0,2.7,0.55,485.0,0
34.2,109.2,170.0,94.1,2363.0,27.4,0.41,600.0,0
36.1,66.1,172.7,53.7,1873.0,2.5,0.46,347.0,0
1.1,3.4,11.6,51.5,492.0,2.1,0.42,684.0,0
10.6,24.4,78.2,71.1,2709.0,28.5,0.84,69.0,0
71.7,213.5,659.2,80.4,383.0,10.1,0.51,1951.0,0
15.3,39.5,149.2,42.7,2321.0,10.3,0.57,832.0,0
8.5,25.9,40.0,53.3,2349.0,30.1,0.98,598.0,0
3.7,11.3,32.8,67.3,2873.0,4.3,0.15,228.0,0
9.7,17.5,60.8,59.9,446.0,15.5,0.54,105.0,0
23.1,43.9,125.3,82.8,1912.0,8.4,0.8,316.0,0
7.9,16.9,39.1,70.7,1455.0,26.9,0.24,650.0,0
40.6,111.1,204.5,49.6,1193.0,30.5,0.65,603.0,0
12.3,37.5,139.6,93.7,544.0,33.0,0.32,289.0,0
32.0,78.1,209.2,57.6,1819.0,13.0,0.88,570.0,1
64.9,172.1,635.9,83.9,1593.0,5.8,0.39,1008.0,0
62.3,128.5,380.9,86.8,582.0,5.4,0.4,20.0,0
31.6,92.4,294.3,97.8,1954.0,20.3,0.64,359.0,0
9.1,28.6,100.3,69.9,2292.0,42.7,0.27,853.0,0
24.3,52.9,166.5,77.0,2372.0,11.4,0.36,474.0,0
32.3,80.6,201.1,60.1,2745.0,13.0,0.47,632.0,0
112.0,215.1,598.8,80.7,1406.0,6.3,0.42,436.0,0
3.6,9.3,32.8,67.8,2873.0,28.0,0.57,2888.0,0
24.4,61.0,148.6,66.3,2637.0,31.2,0.64,34.0,0
39.6,79.2,195.7,91.3,1101.0,29.6,0.61,405.0,1
27.5,66.4,115.5,43.0,730.0,39.0,0.69,58.0,0
29.8,67.5,255.7,92.9,1476.0,22.9,0.38,104.0,0
13.0,33.0,56.9,91.1,1385.0,7.8,0.21,290.0,0
48.5,127.1,396.8,70.4,1854.0,14.4,0.78,101.0,1
26.0,47.1,119.4,69.4,1875.0,30.5,0.87,1989.0,0
29.7,85.1,214.0,61.7,2325.0,28.4,0.33,1760.0,0
52.1,145.8,466.4,99.7,1677.0,24.8,0.47,246.0,0
19.7,45.5,75.9,46.7,583.0,31.4,0.55,613.0,0
60.0,112.4,335.5,75.4,2617.0,29.4,0.58,458.0,0
7.6,21.7,74.4,80.9,1136.0,39.9,0.69,1014.0,0
31.0,97.2,347.0,96.1,2923.0,27.2,0.14,592.0,0
12.3,26.3,50.6,86.8,618.0,35.5,0.75,20.0,0
9.5,21.4,80.3,78.6,2887.0,12.7,0.16,864.0,0
83.7,172.1,540.6,47.0,546.0,31.2,0.52,824.0,0
8.0,20.9,77.4,62.4,924.0,40.8,0.84,428.0,0
26.4,53.3,144.5,48.3,426.0,18.6,0.51,1399.0,0
7.4,17.0,48.5,92.9,2204.0,35.5,0.23,1434.0,0
57.5,159.6,606.2,85.0,2596.0,33.2,0.99,445.0,1
18.1,46.7,175.2,85.5,1472.0,4.6,0.9,562.0,0
51.9,121.5,318.5,79.1,2807.0,27.0,0.79,3397.0,0
38.6,92.2,201.6,70.4,1894.0,7.6,0.47,213.0,0
101.4,262.3,651.3,49.0,2001.0,43.6,0.27,235.0,1
5.9,10.7,26.3,59.8,2583.0,36.9,0.95,121.0,0
10.5,20.0,44.4,48.2,1101.0,6.7,0.58,1357.0,0
50.0,151.7,329.5,83.5,1257.0,7.2,0.87,819.0,0
32.1,61.3,223.8,49.6,2746.0,27.6,0.41,67.0,0
20.8,58.2,97.4,82.1,2733.0,16.8,0.4,2403.0,0
89.4,276.1,881.9,81.5,2937.0,3.5,0.99,788.0,1
25.0,54.5,105.3,67.6,2735.0,25.3,0.57,1140.0,0
12.7,29.5,69.7,48.1,644.0,18.7,0.23,30.0,1
52.4,135.9,224.8,58.9,2524.0,6.3,0.3,422.0,0
25.7,77.9,169.4,59.2,1407.0,36.5,0.53,720.0,0
27.2,84.9,290.4,82.0,2975.0,41.3,0.14,470.0,1
